symbol,minute_str,minute_int,updated_at_ms,spot_price,strike,straddle_price,open,high,low,close,ce_close,pe_close,ce_volume,pe_volume,volume,source,version,fo_segment,expiry_rank,spot_pubsub_token,atm_strike,selected_from_atm,ce_instrument_key,pe_instrument_key,ce_exchange_token,pe_exchange_token,ce_pubsub_token,pe_pubsub_token,ce_carry_forward,pe_carry_forward,carry_forward,ce_open,ce_high,ce_low,pe_open,pe_high,pe_low,token
NIFTY,10:21:00,102100,1774848367193,22559.55,22550.0,202.95,202.8,203.60000000000002,201.8,202.95,100.45,102.5,455.0,455.0,910.0,startup_backfill,59,NSE_FO,1,NSE_INDEX:Nifty_50,22550.0,False,NSE_FO|54480,NSE_FO|54481,54480,54481,NSE_FO:54480,NSE_FO:54481,False,False,False,99.65,100.45,99.65,103.15,103.15,102.15,
NIFTY,10:22:00,102200,1774848367193,22548.35,22550.0,202.65,202.35000000000002,212.65,193.55,202.65,96.15,106.5,8840.0,7995.0,16835.0,startup_backfill,60,NSE_FO,1,NSE_INDEX:Nifty_50,22550.0,False,NSE_FO|54480,NSE_FO|54481,54480,54481,NSE_FO:54480,NSE_FO:54481,False,False,False,100.65,103.5,94.2,101.7,109.15,99.35,
NIFTY,10:23:00,102300,1774848367194,22542.0,22550.0,203.35,202.65,214.8,191.9,203.35,93.1,110.25,9685.0,8385.0,18070.0,startup_backfill,61,NSE_FO,1,NSE_INDEX:Nifty_50,22550.0,False,NSE_FO|54480,NSE_FO|54481,54480,54481,NSE_FO:54480,NSE_FO:54481,False,False,False,97.75,100.1,89.75,104.9,114.7,102.15,
NIFTY,10:24:00,102400,1774848367195,22544.35,22550.0,200.55,203.0,208.25,193.7,200.55,91.55,109.0,8450.0,8905.0,17355.0,startup_backfill,62,NSE_FO,1,NSE_INDEX:Nifty_50,22550.0,False,NSE_FO|54480,NSE_FO|54481,54480,54481,NSE_FO:54480,NSE_FO:54481,False,False,False,93.4,95.65,89.05,109.6,112.6,104.65,
NIFTY,10:25:00,102500,1774848367196,22555.9,22550.0,198.8,200.3,209.4,190.05,198.8,97.7,101.1,10985.0,11310.0,22295.0,startup_backfill,63,NSE_FO,1,NSE_INDEX:Nifty_50,22550.0,False,NSE_FO|54480,NSE_FO|54481,54480,54481,NSE_FO:54480,NSE_FO:54481,False,False,False,91.25,100.0,90.65,109.05,109.4,99.4,
NIFTY,10:26:00,102600,1774848367196,22551.05,22550.0,198.89999999999998,199.1,208.25,190.95,198.89999999999998,94.85,104.05,7670.0,10595.0,18265.0,startup_backfill,64,NSE_FO,1,NSE_INDEX:Nifty_50,22550.0,False,NSE_FO|54480,NSE_FO|54481,54480,54481,NSE_FO:54480,NSE_FO:54481,False,False,False,97.3,102.95,93.85,101.8,105.3,97.1,
NIFTY,10:27:00,102700,1774848367197,22542.5,22550.0,199.7,199.0,207.14999999999998,192.39999999999998,199.7,93.2,106.5,8775.0,7865.0,16640.0,startup_backfill,65,NSE_FO,1,NSE_INDEX:Nifty_50,22550.0,False,NSE_FO|54480,NSE_FO|54481,54480,54481,NSE_FO:54480,NSE_FO:54481,False,False,False,94.9,98.35,91.35,104.1,108.8,101.05,
NIFTY,10:28:00,102800,1774848367198,22540.85,22550.0,199.05,199.5,208.10000000000002,191.75,199.05,90.85,108.2,7215.0,7540.0,14755.0,startup_backfill,66,NSE_FO,1,NSE_INDEX:Nifty_50,22550.0,False,NSE_FO|54480,NSE_FO|54481,54480,54481,NSE_FO:54480,NSE_FO:54481,False,False,False,92.85,96.4,87.95,106.65,111.7,103.8,
NIFTY,10:29:00,102900,1774848367198,22534.75,22550.0,197.75,199.35000000000002,204.55,190.4,197.75,86.1,111.65,7670.0,8385.0,16055.0,startup_backfill,67,NSE_FO,1,NSE_INDEX:Nifty_50,22550.0,False,NSE_FO|54480,NSE_FO|54481,54480,54481,NSE_FO:54480,NSE_FO:54481,False,False,False,90.9,92.55,85.2,108.45,112.0,105.2,
NIFTY,10:30:00,103000,1774848367199,22536.85,22550.0,194.35,197.75,201.65,191.10000000000002,194.35,86.8,107.55,8125.0,7930.0,16055.0,startup_backfill,68,NSE_FO,1,NSE_INDEX:Nifty_50,22550.0,False,NSE_FO|54480,NSE_FO|54481,54480,54481,NSE_FO:54480,NSE_FO:54481,False,False,False,86.8,89.95,84.45,110.95,111.7,106.65,
NIFTY,10:31:00,103100,1774848367200,22532.45,22550.0,193.5,194.15,200.85,186.95,193.5,80.95,112.55,8645.0,8385.0,17030.0,startup_backfill,69,NSE_FO,1,NSE_INDEX:Nifty_50,22550.0,False,NSE_FO|54480,NSE_FO|54481,54480,54481,NSE_FO:54480,NSE_FO:54481,False,False,False,86.25,88.3,80.95,107.9,112.55,106.0,
NIFTY,10:32:00,103200,1774848367201,22525.9,22550.0,191.3,193.15,197.1,187.14999999999998,191.3,79.0,112.3,10205.0,8970.0,19175.0,startup_backfill,70,NSE_FO,1,NSE_INDEX:Nifty_50,22550.0,False,NSE_FO|54480,NSE_FO|54481,54480,54481,NSE_FO:54480,NSE_FO:54481,False,False,False,80.75,82.35,78.05,112.4,114.75,109.1,
NIFTY,10:33:00,103300,1774848367201,22521.4,22500.0,192.2,190.95,195.8,186.65,192.2,101.55,90.65,7605.0,10140.0,17745.0,startup_backfill,71,NSE_FO,1,NSE_INDEX:Nifty_50,22500.0,False,NSE_FO|54478,NSE_FO|54479,54478,54479,NSE_FO:54478,NSE_FO:54479,False,False,False,104.0,105.15,101.15,86.95,90.65,85.5,
NIFTY,10:34:00,103400,1774848367202,22529.15,22550.0,191.3,193.35000000000002,200.25,184.3,191.3,82.1,109.2,7085.0,7670.0,14755.0,startup_backfill,72,NSE_FO,1,NSE_INDEX:Nifty_50,22550.0,False,NSE_FO|54480,NSE_FO|54481,54480,54481,NSE_FO:54480,NSE_FO:54481,False,False,False,76.65,83.35,75.6,116.7,116.9,108.7,
NIFTY,10:35:00,103500,1774848367203,22537.3,22550.0,188.8,190.5,196.75,182.1,188.8,84.65,104.15,8125.0,9165.0,17290.0,startup_backfill,73,NSE_FO,1,NSE_INDEX:Nifty_50,22550.0,False,NSE_FO|54480,NSE_FO|54481,54480,54481,NSE_FO:54480,NSE_FO:54481,False,False,False,81.9,87.45,81.1,108.6,109.3,101.0,
NIFTY,10:36:00,103600,1774848367204,22538.2,22550.0,189.0,188.9,194.0,182.3,189.0,83.55,105.45,8060.0,11440.0,19500.0,startup_backfill,74,NSE_FO,1,NSE_INDEX:Nifty_50,22550.0,False,NSE_FO|54480,NSE_FO|54481,54480,54481,NSE_FO:54480,NSE_FO:54481,False,False,False,84.9,88.15,83.1,104.0,105.85,99.2,
NIFTY,10:37:00,103700,1774848367205,22527.65,22550.0,188.9,189.0,199.55,180.14999999999998,188.9,79.95,108.95,9945.0,9295.0,19240.0,startup_backfill,75,NSE_FO,1,NSE_INDEX:Nifty_50,22550.0,False,NSE_FO|54480,NSE_FO|54481,54480,54481,NSE_FO:54480,NSE_FO:54481,False,False,False,83.35,87.9,77.6,105.65,111.65,102.55,
NIFTY,10:38:00,103800,1774848367205,22546.3,22550.0,188.45,189.1,201.1,176.0,188.45,91.65,96.8,8125.0,9880.0,18005.0,startup_backfill,76,NSE_FO,1,NSE_INDEX:Nifty_50,22550.0,False,NSE_FO|54480,NSE_FO|54481,54480,54481,NSE_FO:54480,NSE_FO:54481,False,False,False,80.35,92.0,79.25,108.75,109.1,96.75,
NIFTY,10:39:00,103900,1774848367206,22538.3,22550.0,188.05,188.15,195.1,181.65,188.05,87.5,100.55,8515.0,9035.0,17550.0,startup_backfill,77,NSE_FO,1,NSE_INDEX:Nifty_50,22550.0,False,NSE_FO|54480,NSE_FO|54481,54480,54481,NSE_FO:54480,NSE_FO:54481,False,False,False,90.4,93.3,86.45,97.75,101.8,95.2,
NIFTY,10:40:00,104000,1774848367207,22547.2,22550.0,188.15,188.2,198.15,179.35,188.15,89.25,98.9,8970.0,8060.0,17030.0,startup_backfill,78,NSE_FO,1,NSE_INDEX:Nifty_50,22550.0,False,NSE_FO|54480,NSE_FO|54481,54480,54481,NSE_FO:54480,NSE_FO:54481,False,False,False,87.4,95.75,85.3,100.8,102.4,94.05,
NIFTY,10:41:00,104100,1774848367208,22527.15,22550.0,188.75,188.2,200.75,177.25,188.75,81.5,107.25,7345.0,8905.0,16250.0,startup_backfill,79,NSE_FO,1,NSE_INDEX:Nifty_50,22550.0,False,NSE_FO|54480,NSE_FO|54481,54480,54481,NSE_FO:54480,NSE_FO:54481,False,False,False,89.35,91.55,80.2,98.85,109.2,97.05,
NIFTY,10:42:00,104200,1774848367209,22526.75,22550.0,188.7,188.6,193.5,184.7,188.7,80.3,108.4,8385.0,10595.0,18980.0,startup_backfill,80,NSE_FO,1,NSE_INDEX:Nifty_50,22550.0,False,NSE_FO|54480,NSE_FO|54481,54480,54481,NSE_FO:54480,NSE_FO:54481,False,False,False,81.3,83.9,79.4,107.3,109.6,105.3,
NIFTY,10:43:00,104300,1774848367209,22513.85,22500.0,183.55,189.10000000000002,198.05,174.35000000000002,183.55,93.9,89.65,8710.0,8905.0,17615.0,startup_backfill,81,NSE_FO,1,NSE_INDEX:Nifty_50,22500.0,False,NSE_FO|54478,NSE_FO|54479,54478,54479,NSE_FO:54478,NSE_FO:54479,False,False,False,105.9,107.25,92.7,83.2,90.8,81.65,
NIFTY,10:44:00,104400,1774848367210,22514.55,22500.0,182.05,183.60000000000002,188.3,177.35000000000002,182.05,92.85,89.2,8255.0,10530.0,18785.0,startup_backfill,82,NSE_FO,1,NSE_INDEX:Nifty_50,22500.0,False,NSE_FO|54478,NSE_FO|54479,54478,54479,NSE_FO:54478,NSE_FO:54479,False,False,False,94.7,97.8,91.9,88.9,90.5,85.45,
NIFTY,10:45:00,104500,1774848367210,22513.0,22500.0,182.10000000000002,182.14999999999998,185.75,177.8,182.10000000000002,94.4,87.7,8125.0,9750.0,17875.0,startup_backfill,83,NSE_FO,1,NSE_INDEX:Nifty_50,22500.0,False,NSE_FO|54478,NSE_FO|54479,54478,54479,NSE_FO:54478,NSE_FO:54479,False,False,False,93.35,94.95,91.0,88.8,90.8,86.8,
NIFTY,10:46:00,104600,1774848367211,22518.3,22500.0,182.05,181.64999999999998,190.05,174.5,182.05,99.25,82.8,7215.0,9165.0,16380.0,startup_backfill,84,NSE_FO,1,NSE_INDEX:Nifty_50,22500.0,False,NSE_FO|54478,NSE_FO|54479,54478,54479,NSE_FO:54478,NSE_FO:54479,False,False,False,94.8,102.8,94.5,86.85,87.25,80.0,
NIFTY,10:47:00,104700,1774848367212,22530.2,22550.0,183.25,184.05,196.5,172.55,183.25,80.65,102.6,8515.0,9230.0,17745.0,startup_backfill,85,NSE_FO,1,NSE_INDEX:Nifty_50,22550.0,False,NSE_FO|54480,NSE_FO|54481,54480,54481,NSE_FO:54480,NSE_FO:54481,False,False,False,75.1,81.05,70.35,108.95,115.45,102.2,
NIFTY,10:48:00,104800,1774848367213,22526.8,22550.0,184.8,183.64999999999998,190.55,177.65,184.8,78.05,106.75,10400.0,8385.0,18785.0,startup_backfill,86,NSE_FO,1,NSE_INDEX:Nifty_50,22550.0,False,NSE_FO|54480,NSE_FO|54481,54480,54481,NSE_FO:54480,NSE_FO:54481,False,False,False,81.6,83.75,77.75,102.05,106.8,99.9,
NIFTY,10:49:00,104900,1774848367214,22527.35,22550.0,186.10000000000002,184.8,192.14999999999998,180.5,186.10000000000002,81.4,104.7,8775.0,8580.0,17355.0,startup_backfill,87,NSE_FO,1,NSE_INDEX:Nifty_50,22550.0,False,NSE_FO|54480,NSE_FO|54481,54480,54481,NSE_FO:54480,NSE_FO:54481,False,False,False,78.75,84.35,78.4,106.05,107.8,102.1,
NIFTY,10:50:00,105000,1774848367214,22536.85,22550.0,184.05,186.15,189.2,180.85,184.05,81.1,102.95,8775.0,11440.0,20215.0,startup_backfill,88,NSE_FO,1,NSE_INDEX:Nifty_50,22550.0,False,NSE_FO|54480,NSE_FO|54481,54480,54481,NSE_FO:54480,NSE_FO:54481,False,False,False,81.4,82.75,79.05,104.75,106.45,101.8,
NIFTY,10:51:00,105100,1774848367215,22517.8,22500.0,182.15,183.7,191.95,174.14999999999998,182.15,98.9,83.25,10075.0,9555.0,19630.0,startup_backfill,89,NSE_FO,1,NSE_INDEX:Nifty_50,22500.0,False,NSE_FO|54478,NSE_FO|54479,54478,54479,NSE_FO:54478,NSE_FO:54479,False,False,False,105.75,106.55,96.6,77.95,85.4,77.55,
NIFTY,10:52:00,105200,1774848367216,22515.0,22500.0,181.39999999999998,182.5,188.8,175.95,181.39999999999998,95.3,86.1,7410.0,9230.0,16640.0,startup_backfill,90,NSE_FO,1,NSE_INDEX:Nifty_50,22500.0,False,NSE_FO|54478,NSE_FO|54479,54478,54479,NSE_FO:54478,NSE_FO:54479,False,False,False,99.55,101.15,94.05,82.95,87.65,81.9,
NIFTY,10:53:00,105300,1774848367216,22495.55,22500.0,183.3,181.65,195.5,169.15,183.3,84.1,99.2,9425.0,11830.0,21255.0,startup_backfill,91,NSE_FO,1,NSE_INDEX:Nifty_50,22500.0,False,NSE_FO|54478,NSE_FO|54479,54478,54479,NSE_FO:54478,NSE_FO:54479,False,False,False,95.75,96.2,83.65,85.9,99.3,85.5,
NIFTY,10:54:00,105400,1774848367217,22493.35,22500.0,179.3,183.55,187.64999999999998,177.85000000000002,179.3,82.9,96.4,9880.0,10010.0,19890.0,startup_backfill,92,NSE_FO,1,NSE_INDEX:Nifty_50,22500.0,False,NSE_FO|54478,NSE_FO|54479,54478,54479,NSE_FO:54478,NSE_FO:54479,False,False,False,82.7,86.8,82.7,100.85,100.85,95.15,
NIFTY,10:55:00,105500,1774848367218,22484.85,22500.0,180.85000000000002,179.45,187.8,174.45,180.85000000000002,80.2,100.65,8905.0,10400.0,19305.0,startup_backfill,93,NSE_FO,1,NSE_INDEX:Nifty_50,22500.0,False,NSE_FO|54478,NSE_FO|54479,54478,54479,NSE_FO:54478,NSE_FO:54479,False,False,False,83.85,83.85,78.85,95.6,103.95,95.6,
NIFTY,10:56:00,105600,1774848367218,22483.55,22500.0,180.25,180.55,181.65,179.89999999999998,180.25,79.4,100.85,975.0,910.0,1885.0,startup_backfill,94,NSE_FO,1,NSE_INDEX:Nifty_50,22500.0,False,NSE_FO|54478,NSE_FO|54479,54478,54479,NSE_FO:54478,NSE_FO:54479,False,False,False,79.7,79.7,79.05,100.85,101.95,100.85,
NIFTY,10:57:00,105700,1774848421676,22513.65,22500.0,178.3,178.45,178.55,178.15,178.3,91.4,86.9,195.0,325.0,520.0,redis_hash,95,NSE_FO,1,NSE_INDEX:Nifty_50,22500.0,False,NSE_FO|54478,NSE_FO|54479,54478,54479,NSE_FO:54478,NSE_FO:54479,False,False,False,91.3,91.4,91.25,87.15,87.15,86.9,
NIFTY,10:58:00,105800,1774848483255,22517.0,22500.0,176.3,176.10000000000002,176.3,175.89999999999998,176.3,92.0,84.3,780.0,455.0,1235.0,redis_hash,96,NSE_FO,1,NSE_INDEX:Nifty_50,22500.0,False,NSE_FO|54478,NSE_FO|54479,54478,54479,NSE_FO:54478,NSE_FO:54479,False,False,False,91.95,92.0,91.8,84.15,84.3,84.1,
NIFTY,10:59:00,105900,1774848540855,22508.2,22500.0,176.35000000000002,176.55,176.7,176.25,176.35000000000002,89.9,86.45,195.0,130.0,325.0,redis_hash,97,NSE_FO,1,NSE_INDEX:Nifty_50,22500.0,False,NSE_FO|54478,NSE_FO|54479,54478,54479,NSE_FO:54478,NSE_FO:54479,False,False,False,90.2,90.25,89.9,86.35,86.45,86.35,
BANKNIFTY,10:21:00,102100,1774848367106,51008.1,51000.0,510.4,510.35,513.8,507.5,510.4,261.05,249.35,240.0,210.0,450.0,startup_backfill,59,NSE_FO,1,NSE_INDEX:Nifty_Bank,51000.0,False,NSE_FO|58518,NSE_FO|58527,58518,58527,NSE_FO:58518,NSE_FO:58527,False,False,False,259.75,261.15,258.15,250.6,252.65,249.35,
BANKNIFTY,10:22:00,102200,1774848367107,50967.65,51000.0,510.70000000000005,511.0,545.2,478.45,510.70000000000005,243.15,267.55,4290.0,4590.0,8880.0,startup_backfill,60,NSE_FO,1,NSE_INDEX:Nifty_Bank,51000.0,False,NSE_FO|58518,NSE_FO|58527,58518,58527,NSE_FO:58518,NSE_FO:58527,False,False,False,261.8,269.7,237.35,249.2,275.5,241.1,
BANKNIFTY,10:23:00,102300,1774848367108,50967.7,51000.0,509.45000000000005,508.79999999999995,520.2,492.75,509.45000000000005,238.4,271.05,4710.0,3900.0,8610.0,startup_backfill,61,NSE_FO,1,NSE_INDEX:Nifty_Bank,51000.0,False,NSE_FO|58518,NSE_FO|58527,58518,58527,NSE_FO:58518,NSE_FO:58527,False,False,False,245.1,246.0,231.8,263.7,274.2,260.95,
BANKNIFTY,10:24:00,102400,1774848367109,51003.7,51000.0,505.6,509.45,530.65,479.1,505.6,256.0,249.6,4800.0,4230.0,9030.0,startup_backfill,62,NSE_FO,1,NSE_INDEX:Nifty_Bank,51000.0,False,NSE_FO|58518,NSE_FO|58527,58518,58527,NSE_FO:58518,NSE_FO:58527,False,False,False,236.45,257.5,233.35,273.0,273.15,245.75,
BANKNIFTY,10:25:00,102500,1774848367110,51032.95,51000.0,503.84999999999997,504.4,526.15,479.55,503.84999999999997,271.15,232.7,4170.0,4470.0,8640.0,startup_backfill,63,NSE_FO,1,NSE_INDEX:Nifty_Bank,51000.0,False,NSE_FO|58518,NSE_FO|58527,58518,58527,NSE_FO:58518,NSE_FO:58527,False,False,False,254.15,274.5,251.3,250.25,251.65,228.25,
BANKNIFTY,10:26:00,102600,1774848367111,51010.95,51000.0,501.7,503.75,528.45,477.9,501.7,255.2,246.5,4110.0,4680.0,8790.0,startup_backfill,64,NSE_FO,1,NSE_INDEX:Nifty_Bank,51000.0,False,NSE_FO|58518,NSE_FO|58527,58518,58527,NSE_FO:58518,NSE_FO:58527,False,False,False,268.4,281.1,255.2,235.35,247.35,222.7,
BANKNIFTY,10:27:00,102700,1774848367112,50982.9,51000.0,497.9,502.85,525.3,475.75,497.9,243.0,254.9,4320.0,4890.0,9210.0,startup_backfill,65,NSE_FO,1,NSE_INDEX:Nifty_Bank,51000.0,False,NSE_FO|58518,NSE_FO|58527,58518,58527,NSE_FO:58518,NSE_FO:58527,False,False,False,255.7,261.75,236.05,247.15,263.55,239.7,
BANKNIFTY,10:28:00,102800,1774848367113,50976.9,51000.0,498.95000000000005,500.35,516.25,484.65,498.95000000000005,236.1,262.85,4740.0,4260.0,9000.0,startup_backfill,66,NSE_FO,1,NSE_INDEX:Nifty_Bank,51000.0,False,NSE_FO|58518,NSE_FO|58527,58518,58527,NSE_FO:58518,NSE_FO:58527,False,False,False,246.75,248.5,232.65,253.6,267.75,252.0,
BANKNIFTY,10:29:00,102900,1774848367113,50950.8,51000.0,494.45,496.85,505.7,484.2,494.45,227.2,267.25,4410.0,4800.0,9210.0,startup_backfill,67,NSE_FO,1,NSE_INDEX:Nifty_Bank,51000.0,False,NSE_FO|58518,NSE_FO|58527,58518,58527,NSE_FO:58518,NSE_FO:58527,False,False,False,234.65,235.45,224.3,262.2,270.25,259.9,
BANKNIFTY,10:30:00,103000,1774848367114,50964.85,51000.0,486.5,495.7,500.45,477.75,486.5,226.2,260.3,5070.0,4830.0,9900.0,startup_backfill,68,NSE_FO,1,NSE_INDEX:Nifty_Bank,51000.0,False,NSE_FO|58518,NSE_FO|58527,58518,58527,NSE_FO:58518,NSE_FO:58527,False,False,False,227.55,232.3,220.85,268.15,268.15,256.9,
BANKNIFTY,10:31:00,103100,1774848367116,50943.05,50900.0,483.15,491.35,501.3,472.95,483.15,262.45,220.7,4260.0,4470.0,8730.0,startup_backfill,69,NSE_FO,1,NSE_INDEX:Nifty_Bank,50900.0,False,NSE_FO|52346,NSE_FO|52347,52346,52347,NSE_FO:52346,NSE_FO:52347,False,False,False,277.95,278.85,262.45,213.4,222.45,210.5,
BANKNIFTY,10:32:00,103200,1774848367117,50922.95,50900.0,479.45000000000005,480.29999999999995,492.15,470.45,479.45000000000005,254.15,225.3,4050.0,5190.0,9240.0,startup_backfill,70,NSE_FO,1,NSE_INDEX:Nifty_Bank,50900.0,False,NSE_FO|52346,NSE_FO|52347,52346,52347,NSE_FO:52346,NSE_FO:52347,False,False,False,259.4,263.95,250.25,220.9,228.2,220.2,
BANKNIFTY,10:33:00,103300,1774848367118,50925.05,50900.0,480.90000000000003,479.6,488.29999999999995,467.45,480.90000000000003,256.6,224.3,4170.0,4380.0,8550.0,startup_backfill,71,NSE_FO,1,NSE_INDEX:Nifty_Bank,50900.0,False,NSE_FO|52346,NSE_FO|52347,52346,52347,NSE_FO:52346,NSE_FO:52347,False,False,False,255.15,260.45,250.2,224.45,227.85,217.25,
BANKNIFTY,10:34:00,103400,1774848367118,50953.15,51000.0,475.1,481.75,497.0,458.7,475.1,219.8,255.3,5340.0,5280.0,10620.0,startup_backfill,72,NSE_FO,1,NSE_INDEX:Nifty_Bank,51000.0,False,NSE_FO|58518,NSE_FO|58527,58518,58527,NSE_FO:58518,NSE_FO:58527,False,False,False,206.2,220.8,204.2,275.55,276.2,254.5,
BANKNIFTY,10:35:00,103500,1774848367119,50976.45,51000.0,471.95,474.45,490.35,454.1,471.95,225.95,246.0,5550.0,5010.0,10560.0,startup_backfill,73,NSE_FO,1,NSE_INDEX:Nifty_Bank,51000.0,False,NSE_FO|58518,NSE_FO|58527,58518,58527,NSE_FO:58518,NSE_FO:58527,False,False,False,219.45,235.35,219.45,255.0,255.0,234.65,
BANKNIFTY,10:36:00,103600,1774848367120,50977.35,51000.0,471.25,472.29999999999995,484.95000000000005,456.8,471.25,222.85,248.4,5160.0,4590.0,9750.0,startup_backfill,74,NSE_FO,1,NSE_INDEX:Nifty_Bank,51000.0,False,NSE_FO|58518,NSE_FO|58527,58518,58527,NSE_FO:58518,NSE_FO:58527,False,False,False,226.6,236.55,222.3,245.7,248.4,234.5,
BANKNIFTY,10:37:00,103700,1774848367121,50960.95,51000.0,476.54999999999995,471.75,494.65000000000003,452.15,476.54999999999995,220.35,256.2,5520.0,4860.0,10380.0,startup_backfill,75,NSE_FO,1,NSE_INDEX:Nifty_Bank,51000.0,False,NSE_FO|58518,NSE_FO|58527,58518,58527,NSE_FO:58518,NSE_FO:58527,False,False,False,224.65,237.3,215.15,247.1,257.35,237.0,
BANKNIFTY,10:38:00,103800,1774848367122,51021.7,51000.0,473.05,476.40000000000003,514.05,433.25,473.05,250.9,222.15,5340.0,4560.0,9900.0,startup_backfill,76,NSE_FO,1,NSE_INDEX:Nifty_Bank,51000.0,False,NSE_FO|58518,NSE_FO|58527,58518,58527,NSE_FO:58518,NSE_FO:58527,False,False,False,219.55,257.2,217.8,256.85,256.85,215.45,
BANKNIFTY,10:39:00,103900,1774848367122,50986.4,51000.0,469.75,473.45000000000005,491.4,452.29999999999995,469.75,234.75,235.0,4290.0,3840.0,8130.0,startup_backfill,77,NSE_FO,1,NSE_INDEX:Nifty_Bank,51000.0,False,NSE_FO|58518,NSE_FO|58527,58518,58527,NSE_FO:58518,NSE_FO:58527,False,False,False,247.9,253.0,231.2,225.55,238.4,221.1,
BANKNIFTY,10:40:00,104000,1774848367123,51006.5,51000.0,469.45000000000005,469.7,491.05,451.2,469.45000000000005,236.55,232.9,4530.0,3720.0,8250.0,startup_backfill,78,NSE_FO,1,NSE_INDEX:Nifty_Bank,51000.0,False,NSE_FO|58518,NSE_FO|58527,58518,58527,NSE_FO:58518,NSE_FO:58527,False,False,False,232.75,252.15,231.1,236.95,238.9,220.1,
BANKNIFTY,10:41:00,104100,1774848367124,50948.6,50900.0,472.9,477.75,512.25,433.8,472.9,264.55,208.35,4200.0,4650.0,8850.0,startup_backfill,79,NSE_FO,1,NSE_INDEX:Nifty_Bank,50900.0,False,NSE_FO|52346,NSE_FO|52347,52346,52347,NSE_FO:52346,NSE_FO:52347,False,False,False,290.35,296.25,250.0,187.4,216.0,183.8,
BANKNIFTY,10:42:00,104200,1774848367124,50942.6,50900.0,468.15,469.35,485.95000000000005,452.65,468.15,262.15,206.0,4560.0,3930.0,8490.0,startup_backfill,80,NSE_FO,1,NSE_INDEX:Nifty_Bank,50900.0,False,NSE_FO|52346,NSE_FO|52347,52346,52347,NSE_FO:52346,NSE_FO:52347,False,False,False,261.95,268.05,249.4,207.4,217.9,203.25,
BANKNIFTY,10:43:00,104300,1774848367125,50918.9,50900.0,461.4,470.9,484.95,447.45,461.4,244.95,216.45,4170.0,4680.0,8850.0,startup_backfill,81,NSE_FO,1,NSE_INDEX:Nifty_Bank,50900.0,False,NSE_FO|52346,NSE_FO|52347,52346,52347,NSE_FO:52346,NSE_FO:52347,False,False,False,264.9,264.9,242.45,206.0,220.05,205.0,
BANKNIFTY,10:44:00,104400,1774848367126,50921.45,50900.0,458.35,462.75,469.0,448.7,458.35,243.45,214.9,3990.0,5190.0,9180.0,startup_backfill,82,NSE_FO,1,NSE_INDEX:Nifty_Bank,50900.0,False,NSE_FO|52346,NSE_FO|52347,52346,52347,NSE_FO:52346,NSE_FO:52347,False,False,False,247.75,250.8,239.7,215.0,218.2,209.0,
BANKNIFTY,10:45:00,104500,1774848367127,50914.7,50900.0,453.3,457.5,466.5,442.25,453.3,237.5,215.8,3720.0,4740.0,8460.0,startup_backfill,83,NSE_FO,1,NSE_INDEX:Nifty_Bank,50900.0,False,NSE_FO|52346,NSE_FO|52347,52346,52347,NSE_FO:52346,NSE_FO:52347,False,False,False,242.85,246.45,231.85,214.65,220.05,210.4,
BANKNIFTY,10:46:00,104600,1774848367127,50928.35,50900.0,455.25,452.55,469.45000000000005,436.15,455.25,245.25,210.0,4410.0,5100.0,9510.0,startup_backfill,84,NSE_FO,1,NSE_INDEX:Nifty_Bank,50900.0,False,NSE_FO|52346,NSE_FO|52347,52346,52347,NSE_FO:52346,NSE_FO:52347,False,False,False,237.55,254.3,236.65,215.0,215.15,199.5,
BANKNIFTY,10:47:00,104700,1774848367128,50952.0,51000.0,450.79999999999995,454.2,481.75,427.85,450.79999999999995,204.35,246.45,5400.0,4350.0,9750.0,startup_backfill,85,NSE_FO,1,NSE_INDEX:Nifty_Bank,51000.0,False,NSE_FO|58518,NSE_FO|58527,58518,58527,NSE_FO:58518,NSE_FO:58527,False,False,False,194.5,205.6,183.65,259.7,276.15,244.2,
BANKNIFTY,10:48:00,104800,1774848367129,50946.1,50900.0,457.20000000000005,456.54999999999995,472.45000000000005,441.95000000000005,457.20000000000005,254.65,202.55,4290.0,6030.0,10320.0,startup_backfill,86,NSE_FO,1,NSE_INDEX:Nifty_Bank,50900.0,False,NSE_FO|52346,NSE_FO|52347,52346,52347,NSE_FO:52346,NSE_FO:52347,False,False,False,259.45,268.1,252.65,197.1,204.35,189.3,
BANKNIFTY,10:49:00,104900,1774848367130,50953.3,51000.0,461.1,455.85,471.2,443.6,461.1,211.85,249.25,4770.0,4500.0,9270.0,startup_backfill,87,NSE_FO,1,NSE_INDEX:Nifty_Bank,51000.0,False,NSE_FO|58518,NSE_FO|58527,58518,58527,NSE_FO:58518,NSE_FO:58527,False,False,False,203.8,218.75,202.95,252.05,252.45,240.65,
BANKNIFTY,10:50:00,105000,1774848367131,50975.5,51000.0,461.6,460.1,472.45,445.1,461.6,220.2,241.4,4530.0,4890.0,9420.0,startup_backfill,88,NSE_FO,1,NSE_INDEX:Nifty_Bank,51000.0,False,NSE_FO|58518,NSE_FO|58527,58518,58527,NSE_FO:58518,NSE_FO:58527,False,False,False,210.1,222.45,208.85,250.0,250.0,236.25,
BANKNIFTY,10:51:00,105100,1774848367131,50940.1,50900.0,460.2,466.6,484.8,441.1,460.2,253.75,206.45,4170.0,4380.0,8550.0,startup_backfill,89,NSE_FO,1,NSE_INDEX:Nifty_Bank,50900.0,False,NSE_FO|52346,NSE_FO|52347,52346,52347,NSE_FO:52346,NSE_FO:52347,False,False,False,271.95,275.8,250.0,194.65,209.0,191.1,
BANKNIFTY,10:52:00,105200,1774848367132,50921.4,50900.0,457.25,461.1,472.55,443.85,457.25,248.3,208.95,4440.0,4620.0,9060.0,startup_backfill,90,NSE_FO,1,NSE_INDEX:Nifty_Bank,50900.0,False,NSE_FO|52346,NSE_FO|52347,52346,52347,NSE_FO:52346,NSE_FO:52347,False,False,False,256.3,261.05,244.7,204.8,211.5,199.15,
BANKNIFTY,10:53:00,105300,1774848367133,50871.15,50900.0,455.95,458.5,499.05,414.15,455.95,205.95,250.0,3960.0,4830.0,8790.0,startup_backfill,91,NSE_FO,1,NSE_INDEX:Nifty_Bank,50900.0,False,NSE_FO|52346,NSE_FO|52347,52346,52347,NSE_FO:52346,NSE_FO:52347,False,False,False,248.95,249.05,205.95,209.55,250.0,208.2,
BANKNIFTY,10:54:00,105400,1774848367134,50874.0,50900.0,454.6,455.05,469.25,439.25,454.6,216.0,238.6,4380.0,4590.0,8970.0,startup_backfill,92,NSE_FO,1,NSE_INDEX:Nifty_Bank,50900.0,False,NSE_FO|52346,NSE_FO|52347,52346,52347,NSE_FO:52346,NSE_FO:52347,False,False,False,206.8,221.0,206.8,248.25,248.25,232.45,
BANKNIFTY,10:55:00,105500,1774848367134,50874.05,50900.0,450.35,454.05,475.8,428.0,450.35,217.45,232.9,4080.0,4080.0,8160.0,startup_backfill,93,NSE_FO,1,NSE_INDEX:Nifty_Bank,50900.0,False,NSE_FO|52346,NSE_FO|52347,52346,52347,NSE_FO:52346,NSE_FO:52347,False,False,False,218.05,225.8,204.8,236.0,250.0,223.2,
BANKNIFTY,10:56:00,105600,1774848367135,50874.85,50900.0,448.35,451.35,451.35,447.95,448.35,213.4,234.95,480.0,480.0,960.0,startup_backfill,94,NSE_FO,1,NSE_INDEX:Nifty_Bank,50900.0,False,NSE_FO|52346,NSE_FO|52347,52346,52347,NSE_FO:52346,NSE_FO:52347,False,False,False,214.95,214.95,213.0,236.4,236.4,234.95,
BANKNIFTY,10:57:00,105700,1774848421665,50925.4,50900.0,448.79999999999995,450.85,451.5,448.0,448.79999999999995,237.45,211.35,90.0,210.0,300.0,redis_hash,95,NSE_FO,1,NSE_INDEX:Nifty_Bank,50900.0,False,NSE_FO|52346,NSE_FO|52347,52346,52347,NSE_FO:52346,NSE_FO:52347,False,False,False,238.2,238.2,237.45,212.65,213.3,210.55,
BANKNIFTY,10:58:00,105800,1774848483252,50927.75,50900.0,442.25,443.65,444.1,441.35,442.25,234.4,207.85,210.0,210.0,420.0,redis_hash,96,NSE_FO,1,NSE_INDEX:Nifty_Bank,50900.0,False,NSE_FO|52346,NSE_FO|52347,52346,52347,NSE_FO:52346,NSE_FO:52347,False,False,False,236.25,236.25,234.4,207.4,207.85,206.95,
BANKNIFTY,10:59:00,105900,1774848540849,50899.8,50900.0,440.85,440.4,440.85,440.4,440.85,226.1,214.75,60.0,60.0,120.0,redis_hash,97,NSE_FO,1,NSE_INDEX:Nifty_Bank,50900.0,False,NSE_FO|52346,NSE_FO|52347,52346,52347,NSE_FO:52346,NSE_FO:52347,False,False,False,226.1,226.1,226.1,214.3,214.75,214.3,
FINNIFTY,10:21:00,102100,1774848367136,23864.7,23850.0,244.55,245.05,245.45000000000002,244.15,244.55,128.15,116.4,480.0,300.0,780.0,startup_backfill,59,NSE_FO,1,NSE_INDEX:Nifty_Fin_Service,23850.0,False,NSE_FO|40416,NSE_FO|40417,40416,40417,NSE_FO:40416,NSE_FO:40417,False,False,False,129.05,129.05,128.15,116.0,116.4,116.0,
FINNIFTY,10:22:00,102200,1774848367137,23849.8,23850.0,246.0,248.29999999999998,258.0,233.85,246.0,123.65,122.35,2580.0,4800.0,7380.0,startup_backfill,60,NSE_FO,1,NSE_INDEX:Nifty_Fin_Service,23850.0,False,NSE_FO|40416,NSE_FO|40417,40416,40417,NSE_FO:40416,NSE_FO:40417,False,False,False,132.2,133.0,120.75,116.1,125.0,113.1,
FINNIFTY,10:23:00,102300,1774848367138,23843.45,23850.0,244.15,240.55,252.5,237.55,244.15,119.9,124.25,8040.0,4200.0,12240.0,startup_backfill,61,NSE_FO,1,NSE_INDEX:Nifty_Fin_Service,23850.0,False,NSE_FO|40416,NSE_FO|40417,40416,40417,NSE_FO:40416,NSE_FO:40417,False,False,False,120.0,125.5,118.75,120.55,127.0,118.8,
FINNIFTY,10:24:00,102400,1774848367139,23855.9,23850.0,243.0,243.3,252.3,234.15,243.0,125.3,117.7,4920.0,5280.0,10200.0,startup_backfill,62,NSE_FO,1,NSE_INDEX:Nifty_Fin_Service,23850.0,False,NSE_FO|40416,NSE_FO|40417,40416,40417,NSE_FO:40416,NSE_FO:40417,False,False,False,118.05,125.65,116.45,125.25,126.65,117.7,
FINNIFTY,10:25:00,102500,1774848367139,23871.45,23850.0,241.9,244.05,251.05,233.55,241.9,130.9,111.0,3300.0,4800.0,8100.0,startup_backfill,63,NSE_FO,1,NSE_INDEX:Nifty_Fin_Service,23850.0,False,NSE_FO|40416,NSE_FO|40417,40416,40417,NSE_FO:40416,NSE_FO:40417,False,False,False,125.0,131.15,125.0,119.05,119.9,108.55,
FINNIFTY,10:26:00,102600,1774848367140,23859.5,23850.0,245.85,240.60000000000002,255.35,232.65,245.85,125.85,120.0,4020.0,6840.0,10860.0,startup_backfill,64,NSE_FO,1,NSE_INDEX:Nifty_Fin_Service,23850.0,False,NSE_FO|40416,NSE_FO|40417,40416,40417,NSE_FO:40416,NSE_FO:40417,False,False,False,129.65,135.35,124.65,110.95,120.0,108.0,
FINNIFTY,10:27:00,102700,1774848367141,23849.6,23850.0,241.7,245.0,251.0,234.7,241.7,121.6,120.1,4080.0,5940.0,10020.0,startup_backfill,65,NSE_FO,1,NSE_INDEX:Nifty_Fin_Service,23850.0,False,NSE_FO|40416,NSE_FO|40417,40416,40417,NSE_FO:40416,NSE_FO:40417,False,False,False,125.25,125.9,117.9,119.75,125.1,116.8,
FINNIFTY,10:28:00,102800,1774848367142,23849.05,23850.0,242.14999999999998,241.95,247.85000000000002,233.0,242.14999999999998,120.05,122.1,4800.0,4200.0,9000.0,startup_backfill,66,NSE_FO,1,NSE_INDEX:Nifty_Fin_Service,23850.0,False,NSE_FO|40416,NSE_FO|40417,40416,40417,NSE_FO:40416,NSE_FO:40417,False,False,False,121.35,122.65,115.0,120.6,125.2,118.0,
FINNIFTY,10:29:00,102900,1774848367142,23834.7,23850.0,239.95,239.95,246.0,234.1,239.95,113.05,126.9,3720.0,4860.0,8580.0,startup_backfill,67,NSE_FO,1,NSE_INDEX:Nifty_Fin_Service,23850.0,False,NSE_FO|40416,NSE_FO|40417,40416,40417,NSE_FO:40416,NSE_FO:40417,False,False,False,117.35,118.45,112.3,122.6,127.55,121.8,
FINNIFTY,10:30:00,103000,1774848367143,23843.0,23850.0,238.89999999999998,239.85000000000002,245.05,232.4,238.89999999999998,116.55,122.35,4200.0,4260.0,8460.0,startup_backfill,68,NSE_FO,1,NSE_INDEX:Nifty_Fin_Service,23850.0,False,NSE_FO|40416,NSE_FO|40417,40416,40417,NSE_FO:40416,NSE_FO:40417,False,False,False,112.9,118.1,112.4,126.95,126.95,120.0,
FINNIFTY,10:31:00,103100,1774848367144,23834.25,23850.0,233.05,236.3,243.35000000000002,229.25,233.05,110.05,123.0,3180.0,2880.0,6060.0,startup_backfill,69,NSE_FO,1,NSE_INDEX:Nifty_Fin_Service,23850.0,False,NSE_FO|40416,NSE_FO|40417,40416,40417,NSE_FO:40416,NSE_FO:40417,False,False,False,116.95,116.95,109.9,119.35,126.4,119.35,
FINNIFTY,10:32:00,103200,1774848367145,23826.2,23850.0,229.75,234.0,234.75,223.0,229.75,102.2,127.55,3960.0,4500.0,8460.0,startup_backfill,70,NSE_FO,1,NSE_INDEX:Nifty_Fin_Service,23850.0,False,NSE_FO|40416,NSE_FO|40417,40416,40417,NSE_FO:40416,NSE_FO:40417,False,False,False,107.0,107.05,101.0,127.0,127.7,122.0,
FINNIFTY,10:33:00,103300,1774848367146,23817.65,23800.0,233.5,231.2,236.95,225.05,233.5,126.55,106.95,3840.0,5760.0,9600.0,startup_backfill,71,NSE_FO,1,NSE_INDEX:Nifty_Fin_Service,23800.0,False,NSE_FO|53550,NSE_FO|53551,53550,53551,NSE_FO:53550,NSE_FO:53551,False,False,False,128.0,130.0,125.5,103.2,106.95,99.55,
FINNIFTY,10:34:00,103400,1774848367147,23829.65,23850.0,230.3,232.79999999999998,241.45,223.35,230.3,108.55,121.75,3060.0,3840.0,6900.0,startup_backfill,72,NSE_FO,1,NSE_INDEX:Nifty_Fin_Service,23850.0,False,NSE_FO|40416,NSE_FO|40417,40416,40417,NSE_FO:40416,NSE_FO:40417,False,False,False,101.85,108.55,101.6,130.95,132.9,121.75,
FINNIFTY,10:35:00,103500,1774848367147,23833.75,23850.0,229.0,229.15,235.15,219.55,229.0,109.5,119.5,5400.0,5580.0,10980.0,startup_backfill,73,NSE_FO,1,NSE_INDEX:Nifty_Fin_Service,23850.0,False,NSE_FO|40416,NSE_FO|40417,40416,40417,NSE_FO:40416,NSE_FO:40417,False,False,False,108.15,114.15,107.6,121.0,121.0,111.95,
FINNIFTY,10:36:00,103600,1774848367148,23834.4,23850.0,229.3,230.9,237.6,223.95,229.3,108.55,120.75,7080.0,2820.0,9900.0,startup_backfill,74,NSE_FO,1,NSE_INDEX:Nifty_Fin_Service,23850.0,False,NSE_FO|40416,NSE_FO|40417,40416,40417,NSE_FO:40416,NSE_FO:40417,False,False,False,109.9,115.85,108.55,121.0,121.75,115.4,
FINNIFTY,10:37:00,103700,1774848367149,23819.05,23800.0,230.3,232.15,243.85,220.5,230.3,126.75,103.55,5220.0,4740.0,9960.0,startup_backfill,75,NSE_FO,1,NSE_INDEX:Nifty_Fin_Service,23800.0,False,NSE_FO|53550,NSE_FO|53551,53550,53551,NSE_FO:53550,NSE_FO:53551,False,False,False,134.55,138.85,126.35,97.6,105.0,94.15,
FINNIFTY,10:38:00,103800,1774848367150,23840.05,23850.0,229.39999999999998,230.35,243.95,214.5,229.39999999999998,113.85,115.55,6120.0,3000.0,9120.0,startup_backfill,76,NSE_FO,1,NSE_INDEX:Nifty_Fin_Service,23850.0,False,NSE_FO|40416,NSE_FO|40417,40416,40417,NSE_FO:40416,NSE_FO:40417,False,False,False,103.0,115.75,101.45,127.35,128.2,113.05,
FINNIFTY,10:39:00,103900,1774848367150,23828.9,23850.0,227.7,229.85000000000002,236.7,223.2,227.7,107.25,120.45,4380.0,3060.0,7440.0,startup_backfill,77,NSE_FO,1,NSE_INDEX:Nifty_Fin_Service,23850.0,False,NSE_FO|40416,NSE_FO|40417,40416,40417,NSE_FO:40416,NSE_FO:40417,False,False,False,113.2,115.4,107.25,116.65,121.3,115.95,
FINNIFTY,10:40:00,104000,1774848367151,23844.5,23850.0,227.89999999999998,228.55,237.3,218.75,227.89999999999998,112.35,115.55,4020.0,4680.0,8700.0,startup_backfill,78,NSE_FO,1,NSE_INDEX:Nifty_Fin_Service,23850.0,False,NSE_FO|40416,NSE_FO|40417,40416,40417,NSE_FO:40416,NSE_FO:40417,False,False,False,108.0,116.75,108.0,120.55,120.55,110.75,
FINNIFTY,10:41:00,104100,1774848367152,23818.05,23800.0,226.85,228.0,241.7,214.45,226.85,126.3,100.55,3060.0,5280.0,8340.0,startup_backfill,79,NSE_FO,1,NSE_INDEX:Nifty_Fin_Service,23800.0,False,NSE_FO|53550,NSE_FO|53551,53550,53551,NSE_FO:53550,NSE_FO:53551,False,False,False,136.75,136.75,124.0,91.25,104.95,90.45,
FINNIFTY,10:42:00,104200,1774848367153,23820.8,23800.0,228.2,225.75,233.8,221.5,228.2,127.4,100.8,6180.0,4920.0,11100.0,startup_backfill,80,NSE_FO,1,NSE_INDEX:Nifty_Fin_Service,23800.0,False,NSE_FO|53550,NSE_FO|53551,53550,53551,NSE_FO:53550,NSE_FO:53551,False,False,False,125.55,130.0,122.75,100.2,103.8,98.75,
FINNIFTY,10:43:00,104300,1774848367153,23801.45,23800.0,223.7,227.65,235.3,213.95,223.7,116.3,107.4,4920.0,5880.0,10800.0,startup_backfill,81,NSE_FO,1,NSE_INDEX:Nifty_Fin_Service,23800.0,False,NSE_FO|53550,NSE_FO|53551,53550,53551,NSE_FO:53550,NSE_FO:53551,False,False,False,127.4,127.9,115.0,100.25,107.4,98.95,
FINNIFTY,10:44:00,104400,1774848367154,23799.5,23800.0,218.25,221.9,226.7,214.35,218.25,111.35,106.9,4200.0,4680.0,8880.0,startup_backfill,82,NSE_FO,1,NSE_INDEX:Nifty_Fin_Service,23800.0,False,NSE_FO|53550,NSE_FO|53551,53550,53551,NSE_FO:53550,NSE_FO:53551,False,False,False,114.25,118.45,111.35,107.65,108.25,103.0,
FINNIFTY,10:45:00,104500,1774848367155,23791.75,23800.0,217.64999999999998,217.3,223.25,211.60000000000002,217.64999999999998,108.8,108.85,5580.0,7380.0,12960.0,startup_backfill,83,NSE_FO,1,NSE_INDEX:Nifty_Fin_Service,23800.0,False,NSE_FO|53550,NSE_FO|53551,53550,53551,NSE_FO:53550,NSE_FO:53551,False,False,False,109.6,113.25,105.9,107.7,110.0,105.7,
FINNIFTY,10:46:00,104600,1774848367156,23801.1,23800.0,220.2,216.89999999999998,226.7,207.7,220.2,113.4,106.8,5880.0,6060.0,11940.0,startup_backfill,84,NSE_FO,1,NSE_INDEX:Nifty_Fin_Service,23800.0,False,NSE_FO|53550,NSE_FO|53551,53550,53551,NSE_FO:53550,NSE_FO:53551,False,False,False,109.8,118.15,108.7,107.1,108.55,99.0,
FINNIFTY,10:47:00,104700,1774848367157,23809.1,23800.0,220.7,219.8,232.5,207.1,220.7,119.85,100.85,4380.0,5580.0,9960.0,startup_backfill,85,NSE_FO,1,NSE_INDEX:Nifty_Fin_Service,23800.0,False,NSE_FO|53550,NSE_FO|53551,53550,53551,NSE_FO:53550,NSE_FO:53551,False,False,False,113.4,120.0,108.35,106.4,112.5,98.75,
FINNIFTY,10:48:00,104800,1774848367157,23807.3,23800.0,223.2,222.8,228.64999999999998,215.35,223.2,119.4,103.8,4080.0,5040.0,9120.0,startup_backfill,86,NSE_FO,1,NSE_INDEX:Nifty_Fin_Service,23800.0,False,NSE_FO|53550,NSE_FO|53551,53550,53551,NSE_FO:53550,NSE_FO:53551,False,False,False,123.15,124.85,119.1,99.65,103.8,96.25,
FINNIFTY,10:49:00,104900,1774848367158,23810.3,23800.0,224.8,221.35,229.25,216.5,224.8,122.15,102.65,4800.0,5280.0,10080.0,startup_backfill,87,NSE_FO,1,NSE_INDEX:Nifty_Fin_Service,23800.0,False,NSE_FO|53550,NSE_FO|53551,53550,53551,NSE_FO:53550,NSE_FO:53551,False,False,False,119.35,125.0,117.7,102.0,104.25,98.8,
FINNIFTY,10:50:00,105000,1774848367159,23819.55,23800.0,225.15,223.25,229.75,217.05,225.15,124.9,100.25,4680.0,6240.0,10920.0,startup_backfill,88,NSE_FO,1,NSE_INDEX:Nifty_Fin_Service,23800.0,False,NSE_FO|53550,NSE_FO|53551,53550,53551,NSE_FO:53550,NSE_FO:53551,False,False,False,119.25,125.75,119.25,104.0,104.0,97.8,
FINNIFTY,10:51:00,105100,1774848367160,23802.0,23800.0,221.55,225.05,231.9,214.1,221.55,115.0,106.55,5880.0,4920.0,10800.0,startup_backfill,89,NSE_FO,1,NSE_INDEX:Nifty_Fin_Service,23800.0,False,NSE_FO|53550,NSE_FO|53551,53550,53551,NSE_FO:53550,NSE_FO:53551,False,False,False,124.95,124.95,114.0,100.1,106.95,100.1,
FINNIFTY,10:52:00,105200,1774848367161,23792.7,23800.0,220.4,222.85,230.25,212.75,220.4,112.45,107.95,4200.0,5580.0,9780.0,startup_backfill,90,NSE_FO,1,NSE_INDEX:Nifty_Fin_Service,23800.0,False,NSE_FO|53550,NSE_FO|53551,53550,53551,NSE_FO:53550,NSE_FO:53551,False,False,False,116.1,119.35,108.8,106.75,110.9,103.95,
FINNIFTY,10:53:00,105300,1774848367161,23768.7,23750.0,223.14999999999998,226.2,242.0,207.85,223.14999999999998,122.35,100.8,2700.0,4140.0,6840.0,startup_backfill,91,NSE_FO,1,NSE_INDEX:Nifty_Fin_Service,23750.0,False,NSE_FO|43621,NSE_FO|43622,43621,43622,NSE_FO:43621,NSE_FO:43622,False,False,False,140.7,140.7,122.35,85.5,101.3,85.5,
FINNIFTY,10:54:00,105400,1774848367162,23765.65,23750.0,218.8,223.3,228.3,215.55,218.8,122.2,96.6,3600.0,6900.0,10500.0,startup_backfill,92,NSE_FO,1,NSE_INDEX:Nifty_Fin_Service,23750.0,False,NSE_FO|43621,NSE_FO|43622,43621,43622,NSE_FO:43621,NSE_FO:43622,False,False,False,120.75,125.75,120.75,102.55,102.55,94.8,
FINNIFTY,10:55:00,105500,1774848367163,23768.3,23750.0,222.55,220.35,230.95,210.8,222.55,125.15,97.4,3840.0,5700.0,9540.0,startup_backfill,93,NSE_FO,1,NSE_INDEX:Nifty_Fin_Service,23750.0,False,NSE_FO|43621,NSE_FO|43622,43621,43622,NSE_FO:43621,NSE_FO:43622,False,False,False,122.3,127.8,117.75,98.05,103.15,93.05,
FINNIFTY,10:56:00,105600,1774848367163,23768.75,23750.0,222.15,222.15,222.15,222.15,222.15,125.15,97.0,0.0,120.0,120.0,startup_backfill,94,NSE_FO,1,NSE_INDEX:Nifty_Fin_Service,23750.0,False,NSE_FO|43621,NSE_FO|43622,43621,43622,NSE_FO:43621,NSE_FO:43622,False,False,False,125.15,125.15,125.15,97.0,97.0,97.0,
FINNIFTY,10:57:00,105700,1774848421669,23795.5,23800.0,217.9,217.9,217.9,217.9,217.9,108.7,109.2,0.0,60.0,60.0,redis_hash,95,NSE_FO,1,NSE_INDEX:Nifty_Fin_Service,23800.0,False,NSE_FO|53550,NSE_FO|53551,53550,53551,NSE_FO:53550,NSE_FO:53551,False,False,False,108.7,108.7,108.7,109.2,109.2,109.2,
FINNIFTY,10:58:00,105800,1774848483253,23792.8,23800.0,210.45,210.9,211.25,210.45,210.45,102.9,107.55,120.0,360.0,480.0,redis_hash,96,NSE_FO,1,NSE_INDEX:Nifty_Fin_Service,23800.0,False,NSE_FO|53550,NSE_FO|53551,53550,53551,NSE_FO:53550,NSE_FO:53551,False,False,False,102.9,102.9,102.9,108.0,108.35,107.55,
FINNIFTY,10:59:00,105900,1774848540851,23780.55,23800.0,210.9,210.9,210.9,210.9,210.9,100.7,110.2,0.0,0.0,0.0,redis_hash,97,NSE_FO,1,NSE_INDEX:Nifty_Fin_Service,23800.0,False,NSE_FO|53550,NSE_FO|53551,53550,53551,NSE_FO:53550,NSE_FO:53551,False,False,False,100.7,100.7,100.7,110.2,110.2,110.2,
MIDCPNIFTY,10:21:00,102100,1774848367165,12274.05,12275.0,124.2,123.94999999999999,124.30000000000001,122.85,124.2,62.2,62.0,840.0,840.0,1680.0,startup_backfill,59,NSE_FO,1,NSE_INDEX:NIFTY_MID_SELECT,12275.0,False,NSE_FO|54030,NSE_FO|54031,54030,54031,NSE_FO:54030,NSE_FO:54031,False,False,False,61.9,62.2,61.9,62.05,62.1,60.95,
MIDCPNIFTY,10:22:00,102200,1774848367166,12268.65,12275.0,123.35,124.75,129.75,118.8,123.35,60.05,63.3,13800.0,15240.0,29040.0,startup_backfill,60,NSE_FO,1,NSE_INDEX:NIFTY_MID_SELECT,12275.0,False,NSE_FO|54030,NSE_FO|54031,54030,54031,NSE_FO:54030,NSE_FO:54031,False,False,False,63.0,64.15,59.3,61.75,65.6,59.5,
MIDCPNIFTY,10:23:00,102300,1774848367167,12265.25,12275.0,123.75,123.85,130.5,117.05000000000001,123.75,58.05,65.7,11760.0,11280.0,23040.0,startup_backfill,61,NSE_FO,1,NSE_INDEX:NIFTY_MID_SELECT,12275.0,False,NSE_FO|54030,NSE_FO|54031,54030,54031,NSE_FO:54030,NSE_FO:54031,False,False,False,60.35,61.5,55.1,63.5,69.0,61.95,
MIDCPNIFTY,10:24:00,102400,1774848367168,12270.35,12275.0,122.35,123.35,128.95,117.5,122.35,59.45,62.9,12480.0,13680.0,26160.0,startup_backfill,62,NSE_FO,1,NSE_INDEX:NIFTY_MID_SELECT,12275.0,False,NSE_FO|54030,NSE_FO|54031,54030,54031,NSE_FO:54030,NSE_FO:54031,False,False,False,57.75,62.75,57.5,65.6,66.2,60.0,
MIDCPNIFTY,10:25:00,102500,1774848367169,12273.05,12275.0,119.6,121.4,124.55,116.85,119.6,60.85,58.75,11040.0,15480.0,26520.0,startup_backfill,63,NSE_FO,1,NSE_INDEX:NIFTY_MID_SELECT,12275.0,False,NSE_FO|54030,NSE_FO|54031,54030,54031,NSE_FO:54030,NSE_FO:54031,False,False,False,58.25,61.4,58.1,63.15,63.15,58.75,
MIDCPNIFTY,10:26:00,102600,1774848367169,12273.75,12275.0,120.94999999999999,119.85,126.25,114.1,120.94999999999999,60.8,60.15,13320.0,13560.0,26880.0,startup_backfill,64,NSE_FO,1,NSE_INDEX:NIFTY_MID_SELECT,12275.0,False,NSE_FO|54030,NSE_FO|54031,54030,54031,NSE_FO:54030,NSE_FO:54031,False,False,False,61.05,64.75,59.7,58.8,61.5,54.4,
MIDCPNIFTY,10:27:00,102700,1774848367170,12270.3,12275.0,120.35,119.7,124.05,117.44999999999999,120.35,59.75,60.6,17520.0,11280.0,28800.0,startup_backfill,65,NSE_FO,1,NSE_INDEX:NIFTY_MID_SELECT,12275.0,False,NSE_FO|54030,NSE_FO|54031,54030,54031,NSE_FO:54030,NSE_FO:54031,False,False,False,60.95,62.25,59.4,58.75,61.8,58.05,
MIDCPNIFTY,10:28:00,102800,1774848367171,12267.7,12275.0,122.75,120.80000000000001,125.2,117.75,122.75,60.05,62.7,11760.0,14880.0,26640.0,startup_backfill,66,NSE_FO,1,NSE_INDEX:NIFTY_MID_SELECT,12275.0,False,NSE_FO|54030,NSE_FO|54031,54030,54031,NSE_FO:54030,NSE_FO:54031,False,False,False,60.95,61.0,58.0,59.85,64.2,59.75,
MIDCPNIFTY,10:29:00,102900,1774848367172,12266.6,12275.0,119.60000000000001,122.1,125.75,116.15,119.60000000000001,55.2,64.4,10440.0,13560.0,24000.0,startup_backfill,67,NSE_FO,1,NSE_INDEX:NIFTY_MID_SELECT,12275.0,False,NSE_FO|54030,NSE_FO|54031,54030,54031,NSE_FO:54030,NSE_FO:54031,False,False,False,58.95,60.5,55.2,63.15,65.25,60.95,
MIDCPNIFTY,10:30:00,103000,1774848367172,12266.25,12275.0,118.9,119.65,122.0,115.75,118.9,58.35,60.55,13200.0,12720.0,25920.0,startup_backfill,68,NSE_FO,1,NSE_INDEX:NIFTY_MID_SELECT,12275.0,False,NSE_FO|54030,NSE_FO|54031,54030,54031,NSE_FO:54030,NSE_FO:54031,False,False,False,56.5,58.55,55.9,63.15,63.45,59.85,
MIDCPNIFTY,10:31:00,103100,1774848367173,12261.25,12250.0,119.05,119.85000000000001,124.10000000000001,112.7,119.05,66.85,52.2,9240.0,15240.0,24480.0,startup_backfill,69,NSE_FO,1,NSE_INDEX:NIFTY_MID_SELECT,12250.0,False,NSE_FO|54028,NSE_FO|54029,54028,54029,NSE_FO:54028,NSE_FO:54029,False,False,False,71.65,71.65,65.15,48.2,52.45,47.55,
MIDCPNIFTY,10:32:00,103200,1774848367174,12256.45,12250.0,116.9,118.3,120.45,113.8,116.9,64.2,52.7,12000.0,13560.0,25560.0,startup_backfill,70,NSE_FO,1,NSE_INDEX:NIFTY_MID_SELECT,12250.0,False,NSE_FO|54028,NSE_FO|54029,54028,54029,NSE_FO:54028,NSE_FO:54029,False,False,False,66.05,66.5,63.0,52.25,53.95,50.8,
MIDCPNIFTY,10:33:00,103300,1774848367174,12257.55,12250.0,120.7,116.75,121.9,115.4,120.7,65.15,55.55,16440.0,14400.0,30840.0,startup_backfill,71,NSE_FO,1,NSE_INDEX:NIFTY_MID_SELECT,12250.0,False,NSE_FO|54028,NSE_FO|54029,54028,54029,NSE_FO:54028,NSE_FO:54029,False,False,False,63.85,66.3,63.6,52.9,55.6,51.8,
MIDCPNIFTY,10:34:00,103400,1774848367175,12265.9,12275.0,117.05,121.0,125.25,114.94999999999999,117.05,54.65,62.4,16200.0,13560.0,29760.0,startup_backfill,72,NSE_FO,1,NSE_INDEX:NIFTY_MID_SELECT,12275.0,False,NSE_FO|54030,NSE_FO|54031,54030,54031,NSE_FO:54030,NSE_FO:54031,False,False,False,54.0,57.55,52.8,67.0,67.7,62.15,
MIDCPNIFTY,10:35:00,103500,1774848367176,12266.7,12275.0,118.44999999999999,117.0,121.25,110.95,118.44999999999999,57.15,61.3,14160.0,14640.0,28800.0,startup_backfill,73,NSE_FO,1,NSE_INDEX:NIFTY_MID_SELECT,12275.0,False,NSE_FO|54030,NSE_FO|54031,54030,54031,NSE_FO:54030,NSE_FO:54031,False,False,False,54.65,58.25,53.35,62.35,63.0,57.6,
MIDCPNIFTY,10:36:00,103600,1774848367177,12269.65,12275.0,117.55,117.75,122.0,113.75,117.55,57.3,60.25,13320.0,12600.0,25920.0,startup_backfill,74,NSE_FO,1,NSE_INDEX:NIFTY_MID_SELECT,12275.0,False,NSE_FO|54030,NSE_FO|54031,54030,54031,NSE_FO:54030,NSE_FO:54031,False,False,False,56.55,59.0,54.9,61.2,63.0,58.85,
MIDCPNIFTY,10:37:00,103700,1774848367178,12265.85,12275.0,118.5,117.95,122.80000000000001,112.19999999999999,118.5,58.95,59.55,17400.0,13320.0,30720.0,startup_backfill,75,NSE_FO,1,NSE_INDEX:NIFTY_MID_SELECT,12275.0,False,NSE_FO|54030,NSE_FO|54031,54030,54031,NSE_FO:54030,NSE_FO:54031,False,False,False,57.7,62.45,57.55,60.25,60.35,54.65,
MIDCPNIFTY,10:38:00,103800,1774848367178,12283.7,12275.0,117.0,119.25,127.5,106.65,117.0,67.0,50.0,17640.0,14160.0,31800.0,startup_backfill,76,NSE_FO,1,NSE_INDEX:NIFTY_MID_SELECT,12275.0,False,NSE_FO|54030,NSE_FO|54031,54030,54031,NSE_FO:54030,NSE_FO:54031,False,False,False,59.3,67.55,59.1,59.95,59.95,47.55,
MIDCPNIFTY,10:39:00,103900,1774848367179,12283.55,12275.0,116.85,117.25,123.45,110.4,116.85,65.75,51.1,14760.0,13440.0,28200.0,startup_backfill,77,NSE_FO,1,NSE_INDEX:NIFTY_MID_SELECT,12275.0,False,NSE_FO|54030,NSE_FO|54031,54030,54031,NSE_FO:54030,NSE_FO:54031,False,False,False,66.6,71.4,64.65,50.65,52.05,45.75,
MIDCPNIFTY,10:40:00,104000,1774848367180,12278.95,12275.0,115.95,115.85,120.60000000000001,112.3,115.95,64.9,51.05,15240.0,14040.0,29280.0,startup_backfill,78,NSE_FO,1,NSE_INDEX:NIFTY_MID_SELECT,12275.0,False,NSE_FO|54030,NSE_FO|54031,54030,54031,NSE_FO:54030,NSE_FO:54031,False,False,False,65.0,68.4,63.8,50.85,52.2,48.5,
MIDCPNIFTY,10:41:00,104100,1774848367181,12268.4,12275.0,114.85,110.15,116.4,109.55000000000001,114.85,58.85,56.0,120.0,14160.0,14280.0,startup_backfill,79,NSE_FO,1,NSE_INDEX:NIFTY_MID_SELECT,12275.0,False,NSE_FO|54030,NSE_FO|54031,54030,54031,NSE_FO:54030,NSE_FO:54031,False,False,False,58.85,58.85,58.85,51.3,57.55,50.7,
MIDCPNIFTY,10:42:00,104200,1774848367181,12264.9,12275.0,116.15,115.65,119.75,111.95,116.15,57.6,58.55,10800.0,11640.0,22440.0,startup_backfill,80,NSE_FO,1,NSE_INDEX:NIFTY_MID_SELECT,12275.0,False,NSE_FO|54030,NSE_FO|54031,54030,54031,NSE_FO:54030,NSE_FO:54031,False,False,False,59.8,60.15,56.85,55.85,59.6,55.1,
MIDCPNIFTY,10:43:00,104300,1774848367182,12256.05,12250.0,116.65,117.25,123.3,110.15,116.65,65.3,51.35,12120.0,13680.0,25800.0,startup_backfill,81,NSE_FO,1,NSE_INDEX:NIFTY_MID_SELECT,12250.0,False,NSE_FO|54028,NSE_FO|54029,54028,54029,NSE_FO:54028,NSE_FO:54029,False,False,False,70.7,71.3,64.0,46.55,52.0,46.15,
MIDCPNIFTY,10:44:00,104400,1774848367183,12255.8,12250.0,117.1,116.55,119.7,114.9,117.1,65.7,51.4,12720.0,13440.0,26160.0,startup_backfill,82,NSE_FO,1,NSE_INDEX:NIFTY_MID_SELECT,12250.0,False,NSE_FO|54028,NSE_FO|54029,54028,54029,NSE_FO:54028,NSE_FO:54029,False,False,False,65.5,66.95,65.0,51.05,52.75,49.9,
MIDCPNIFTY,10:45:00,104500,1774848367184,12257.3,12250.0,118.2,116.95,121.8,113.44999999999999,118.2,67.0,51.2,11880.0,14760.0,26640.0,startup_backfill,83,NSE_FO,1,NSE_INDEX:NIFTY_MID_SELECT,12250.0,False,NSE_FO|54028,NSE_FO|54029,54028,54029,NSE_FO:54028,NSE_FO:54029,False,False,False,65.7,68.35,63.65,51.25,53.45,49.8,
MIDCPNIFTY,10:46:00,104600,1774848367185,12260.4,12250.0,115.05,117.5,123.85,112.55000000000001,115.05,66.55,48.5,12120.0,13320.0,25440.0,startup_backfill,84,NSE_FO,1,NSE_INDEX:NIFTY_MID_SELECT,12250.0,False,NSE_FO|54028,NSE_FO|54029,54028,54029,NSE_FO:54028,NSE_FO:54029,False,False,False,65.9,72.0,65.7,51.6,51.85,46.85,
MIDCPNIFTY,10:47:00,104700,1774848367185,12266.05,12275.0,113.65,114.80000000000001,122.0,106.45,113.65,56.9,56.75,13680.0,15720.0,29400.0,startup_backfill,85,NSE_FO,1,NSE_INDEX:NIFTY_MID_SELECT,12275.0,False,NSE_FO|54030,NSE_FO|54031,54030,54031,NSE_FO:54030,NSE_FO:54031,False,False,False,53.7,57.0,50.25,61.1,65.0,56.2,
MIDCPNIFTY,10:48:00,104800,1774848367186,12259.2,12250.0,115.10000000000001,113.65,119.0,110.9,115.10000000000001,66.15,48.95,10080.0,13680.0,23760.0,startup_backfill,86,NSE_FO,1,NSE_INDEX:NIFTY_MID_SELECT,12250.0,False,NSE_FO|54028,NSE_FO|54029,54028,54029,NSE_FO:54028,NSE_FO:54029,False,False,False,68.75,69.95,66.0,44.9,49.05,44.9,
MIDCPNIFTY,10:49:00,104900,1774848367187,12261.5,12250.0,115.15,114.75,119.15,111.65,115.15,67.2,47.95,10680.0,14400.0,25080.0,startup_backfill,87,NSE_FO,1,NSE_INDEX:NIFTY_MID_SELECT,12250.0,False,NSE_FO|54028,NSE_FO|54029,54028,54029,NSE_FO:54028,NSE_FO:54029,False,False,False,66.65,70.0,66.25,48.1,49.15,45.4,
MIDCPNIFTY,10:50:00,105000,1774848367187,12265.8,12275.0,114.0,113.6,119.0,108.6,114.0,58.0,56.0,12360.0,10920.0,23280.0,startup_backfill,88,NSE_FO,1,NSE_INDEX:NIFTY_MID_SELECT,12275.0,False,NSE_FO|54030,NSE_FO|54031,54030,54031,NSE_FO:54030,NSE_FO:54031,False,False,False,53.5,58.0,53.5,60.1,61.0,55.1,
MIDCPNIFTY,10:51:00,105100,1774848367188,12258.65,12250.0,114.7,114.4,120.5,107.9,114.7,64.7,50.0,12720.0,12480.0,25200.0,startup_backfill,89,NSE_FO,1,NSE_INDEX:NIFTY_MID_SELECT,12250.0,False,NSE_FO|54028,NSE_FO|54029,54028,54029,NSE_FO:54028,NSE_FO:54029,False,False,False,70.5,70.5,64.0,43.9,50.0,43.9,
MIDCPNIFTY,10:52:00,105200,1774848367189,12253.65,12250.0,113.4,115.94999999999999,118.35,110.4,113.4,62.45,50.95,9960.0,13920.0,23880.0,startup_backfill,90,NSE_FO,1,NSE_INDEX:NIFTY_MID_SELECT,12250.0,False,NSE_FO|54028,NSE_FO|54029,54028,54029,NSE_FO:54028,NSE_FO:54029,False,False,False,66.55,66.55,62.25,49.4,51.8,48.15,
MIDCPNIFTY,10:53:00,105300,1774848367189,12246.5,12250.0,113.5,114.3,119.45,107.85,113.5,57.5,56.0,12600.0,14280.0,26880.0,startup_backfill,91,NSE_FO,1,NSE_INDEX:NIFTY_MID_SELECT,12250.0,False,NSE_FO|54028,NSE_FO|54029,54028,54029,NSE_FO:54028,NSE_FO:54029,False,False,False,63.15,63.45,57.5,51.15,56.0,50.35,
MIDCPNIFTY,10:54:00,105400,1774848367190,12242.8,12250.0,113.05,113.55000000000001,118.35,109.7,113.05,57.05,56.0,13560.0,13440.0,27000.0,startup_backfill,92,NSE_FO,1,NSE_INDEX:NIFTY_MID_SELECT,12250.0,False,NSE_FO|54028,NSE_FO|54029,54028,54029,NSE_FO:54028,NSE_FO:54029,False,False,False,57.35,60.25,56.5,56.2,58.1,53.2,
MIDCPNIFTY,10:55:00,105500,1774848367191,12239.85,12250.0,113.45,112.44999999999999,118.6,108.25,113.45,55.85,57.6,15480.0,16440.0,31920.0,startup_backfill,93,NSE_FO,1,NSE_INDEX:NIFTY_MID_SELECT,12250.0,False,NSE_FO|54028,NSE_FO|54029,54028,54029,NSE_FO:54028,NSE_FO:54029,False,False,False,57.15,57.6,53.25,55.3,61.0,55.0,
MIDCPNIFTY,10:56:00,105600,1774848367191,12238.6,12250.0,113.8,112.85,114.3,111.8,113.8,55.8,58.0,2160.0,1680.0,3840.0,startup_backfill,94,NSE_FO,1,NSE_INDEX:NIFTY_MID_SELECT,12250.0,False,NSE_FO|54028,NSE_FO|54029,54028,54029,NSE_FO:54028,NSE_FO:54029,False,False,False,55.6,55.8,54.55,57.25,58.5,57.25,
MIDCPNIFTY,10:57:00,105700,1774848421673,12254.85,12250.0,110.4,110.3,110.69999999999999,109.9,110.4,61.05,49.35,600.0,600.0,1200.0,redis_hash,95,NSE_FO,1,NSE_INDEX:NIFTY_MID_SELECT,12250.0,False,NSE_FO|54028,NSE_FO|54029,54028,54029,NSE_FO:54028,NSE_FO:54029,False,False,False,60.65,61.05,60.65,49.65,49.65,49.25,
MIDCPNIFTY,10:58:00,105800,1774848483254,12254.1,12250.0,107.0,107.35,107.55,106.9,107.0,59.65,47.35,600.0,720.0,1320.0,redis_hash,96,NSE_FO,1,NSE_INDEX:NIFTY_MID_SELECT,12250.0,False,NSE_FO|54028,NSE_FO|54029,54028,54029,NSE_FO:54028,NSE_FO:54029,False,False,False,59.8,60.0,59.65,47.55,47.55,47.25,
MIDCPNIFTY,10:59:00,105900,1774848540853,12249.7,12250.0,105.7,105.7,105.7,105.7,105.7,56.6,49.1,0.0,120.0,120.0,redis_hash,97,NSE_FO,1,NSE_INDEX:NIFTY_MID_SELECT,12250.0,False,NSE_FO|54028,NSE_FO|54029,54028,54029,NSE_FO:54028,NSE_FO:54029,False,False,False,56.6,56.6,56.6,49.1,49.1,49.1,
SENSEX,10:21:00,102100,1774848367220,72677.19,72700.0,1873.2,1873.75,1877.0500000000002,1870.0,1873.2,942.35,930.85,120.0,120.0,240.0,startup_backfill,59,BSE_FO,1,BSE_INDEX:SENSEX,72700.0,False,BSE_FO|867925,BSE_FO|867445,867925,867445,BSE_FO:867925,BSE_FO:867445,False,False,False,939.15,942.45,939.15,934.6,934.6,930.85,
SENSEX,10:22:00,102200,1774848367220,72646.7,72600.0,1877.85,1887.0500000000002,1913.6,1858.25,1877.85,983.0,894.85,2020.0,2200.0,4220.0,startup_backfill,60,BSE_FO,1,BSE_INDEX:SENSEX,72600.0,False,BSE_FO|877065,BSE_FO|877574,877065,877574,BSE_FO:877065,BSE_FO:877574,False,False,False,1004.95,1010.75,981.25,882.1,902.85,877.0,
SENSEX,10:23:00,102300,1774848367221,72622.63,72600.0,1880.75,1877.45,1910.15,1853.25,1880.75,972.1,908.65,1360.0,2380.0,3740.0,startup_backfill,61,BSE_FO,1,BSE_INDEX:SENSEX,72600.0,False,BSE_FO|877065,BSE_FO|877574,877065,877574,BSE_FO:877065,BSE_FO:877574,False,False,False,987.35,993.95,963.15,890.1,916.2,890.1,
SENSEX,10:24:00,102400,1774848367222,72624.87,72600.0,1883.85,1879.5,1901.7,1854.85,1883.85,973.3,910.55,1820.0,1620.0,3440.0,startup_backfill,62,BSE_FO,1,BSE_INDEX:SENSEX,72600.0,False,BSE_FO|877065,BSE_FO|877574,877065,877574,BSE_FO:877065,BSE_FO:877574,False,False,False,970.15,983.5,958.85,909.35,918.2,896.0,
SENSEX,10:25:00,102500,1774848367222,72656.47,72700.0,1859.3,1877.5,1900.85,1843.8,1859.3,931.5,927.8,1840.0,1800.0,3640.0,startup_backfill,63,BSE_FO,1,BSE_INDEX:SENSEX,72700.0,False,BSE_FO|867925,BSE_FO|867445,867925,867445,BSE_FO:867925,BSE_FO:867445,False,False,False,918.8,940.2,917.25,958.7,960.65,926.55,
SENSEX,10:26:00,102600,1774848367223,72645.42,72600.0,1861.5500000000002,1866.9,1892.0,1840.5500000000002,1861.5500000000002,972.1,889.45,1300.0,2180.0,3480.0,startup_backfill,64,BSE_FO,1,BSE_INDEX:SENSEX,72600.0,False,BSE_FO|877065,BSE_FO|877574,877065,877574,BSE_FO:877065,BSE_FO:877574,False,False,False,984.2,996.7,972.1,882.7,895.3,868.45,
SENSEX,10:27:00,102700,1774848367224,72621.94,72600.0,1864.1999999999998,1863.75,1887.75,1843.3,1864.1999999999998,963.15,901.05,1100.0,1540.0,2640.0,startup_backfill,65,BSE_FO,1,BSE_INDEX:SENSEX,72600.0,False,BSE_FO|877065,BSE_FO|877574,877065,877574,BSE_FO:877065,BSE_FO:877574,False,False,False,976.2,983.05,960.55,887.55,904.7,882.75,
SENSEX,10:28:00,102800,1774848367224,72615.18,72600.0,1860.8,1863.5500000000002,1888.7,1835.85,1860.8,957.3,903.5,1600.0,1820.0,3420.0,startup_backfill,66,BSE_FO,1,BSE_INDEX:SENSEX,72600.0,False,BSE_FO|877065,BSE_FO|877574,877065,877574,BSE_FO:877065,BSE_FO:877574,False,False,False,968.2,974.7,946.85,895.35,914.0,889.0,
SENSEX,10:29:00,102900,1774848367225,72610.79,72600.0,1860.0500000000002,1863.7,1883.2,1838.9,1860.0500000000002,948.35,911.7,1280.0,1740.0,3020.0,startup_backfill,67,BSE_FO,1,BSE_INDEX:SENSEX,72600.0,False,BSE_FO|877065,BSE_FO|877574,877065,877574,BSE_FO:877065,BSE_FO:877574,False,False,False,959.45,967.2,945.9,904.25,916.0,893.0,
SENSEX,10:30:00,103000,1774848367226,72608.06,72600.0,1859.7,1859.0,1873.5,1844.85,1859.7,955.2,904.5,1300.0,1780.0,3080.0,startup_backfill,68,BSE_FO,1,BSE_INDEX:SENSEX,72600.0,False,BSE_FO|877065,BSE_FO|877574,877065,877574,BSE_FO:877065,BSE_FO:877574,False,False,False,947.65,960.05,945.25,911.35,913.45,899.6,
SENSEX,10:31:00,103100,1774848367226,72596.01,72600.0,1855.9,1860.7,1877.5,1838.6999999999998,1855.9,936.8,919.1,1860.0,1840.0,3700.0,startup_backfill,69,BSE_FO,1,BSE_INDEX:SENSEX,72600.0,False,BSE_FO|877065,BSE_FO|877574,877065,877574,BSE_FO:877065,BSE_FO:877574,False,False,False,955.1,958.4,936.8,905.6,919.1,901.9,
SENSEX,10:32:00,103200,1774848367227,72585.42,72600.0,1852.3,1851.3000000000002,1866.15,1841.5,1852.3,931.15,921.15,1700.0,1800.0,3500.0,startup_backfill,70,BSE_FO,1,BSE_INDEX:SENSEX,72600.0,False,BSE_FO|877065,BSE_FO|877574,877065,877574,BSE_FO:877065,BSE_FO:877574,False,False,False,932.95,942.2,930.25,918.35,923.95,911.25,
SENSEX,10:33:00,103300,1774848367228,72574.98,72600.0,1850.25,1854.1,1863.7,1841.0,1850.25,927.05,923.2,2120.0,2040.0,4160.0,startup_backfill,71,BSE_FO,1,BSE_INDEX:SENSEX,72600.0,False,BSE_FO|877065,BSE_FO|877574,877065,877574,BSE_FO:877065,BSE_FO:877574,False,False,False,931.25,936.95,925.0,922.85,926.75,916.0,
SENSEX,10:34:00,103400,1774848367229,72591.15,72600.0,1849.3,1849.2,1871.65,1827.5500000000002,1849.3,940.05,909.25,2180.0,2160.0,4340.0,startup_backfill,72,BSE_FO,1,BSE_INDEX:SENSEX,72600.0,False,BSE_FO|877065,BSE_FO|877574,877065,877574,BSE_FO:877065,BSE_FO:877574,False,False,False,925.0,945.05,920.45,924.2,926.6,907.1,
SENSEX,10:35:00,103500,1774848367229,72623.51,72600.0,1848.1999999999998,1847.45,1870.6,1820.8,1848.1999999999998,951.55,896.65,1840.0,1880.0,3720.0,startup_backfill,73,BSE_FO,1,BSE_INDEX:SENSEX,72600.0,False,BSE_FO|877065,BSE_FO|877574,877065,877574,BSE_FO:877065,BSE_FO:877574,False,False,False,940.5,961.35,938.0,906.95,909.25,882.8,
SENSEX,10:36:00,103600,1774848367230,72624.41,72600.0,1845.0500000000002,1845.6,1864.1,1829.7,1845.0500000000002,946.85,898.2,1700.0,1400.0,3100.0,startup_backfill,74,BSE_FO,1,BSE_INDEX:SENSEX,72600.0,False,BSE_FO|877065,BSE_FO|877574,877065,877574,BSE_FO:877065,BSE_FO:877574,False,False,False,952.2,965.0,945.85,893.4,899.1,883.85,
SENSEX,10:37:00,103700,1774848367231,72588.54,72600.0,1842.95,1843.65,1873.55,1819.0500000000002,1842.95,937.1,905.85,2320.0,2100.0,4420.0,startup_backfill,75,BSE_FO,1,BSE_INDEX:SENSEX,72600.0,False,BSE_FO|877065,BSE_FO|877574,877065,877574,BSE_FO:877065,BSE_FO:877574,False,False,False,945.35,959.75,930.2,898.3,913.8,888.85,
SENSEX,10:38:00,103800,1774848367231,72642.47,72600.0,1841.75,1847.75,1882.4,1807.05,1841.75,969.4,872.35,1720.0,2060.0,3780.0,startup_backfill,76,BSE_FO,1,BSE_INDEX:SENSEX,72600.0,False,BSE_FO|877065,BSE_FO|877574,877065,877574,BSE_FO:877065,BSE_FO:877574,False,False,False,942.35,972.85,936.65,905.4,909.55,870.4,
SENSEX,10:39:00,103900,1774848367232,72621.01,72600.0,1846.25,1844.45,1870.15,1825.85,1846.25,957.1,889.15,2280.0,1560.0,3840.0,startup_backfill,77,BSE_FO,1,BSE_INDEX:SENSEX,72600.0,False,BSE_FO|877065,BSE_FO|877574,877065,877574,BSE_FO:877065,BSE_FO:877574,False,False,False,968.25,977.2,954.15,876.2,892.95,871.7,
SENSEX,10:40:00,104000,1774848367233,72644.57,72600.0,1850.15,1843.85,1875.7,1818.65,1850.15,966.95,883.2,1680.0,1680.0,3360.0,startup_backfill,78,BSE_FO,1,BSE_INDEX:SENSEX,72600.0,False,BSE_FO|877065,BSE_FO|877574,877065,877574,BSE_FO:877065,BSE_FO:877574,False,False,False,952.2,979.25,951.25,891.65,896.45,867.4,
SENSEX,10:41:00,104100,1774848367234,72584.23,72600.0,1839.25,1850.75,1883.0,1807.7,1839.25,936.3,902.95,1580.0,1740.0,3320.0,startup_backfill,79,BSE_FO,1,BSE_INDEX:SENSEX,72600.0,False,BSE_FO|877065,BSE_FO|877574,877065,877574,BSE_FO:877065,BSE_FO:877574,False,False,False,967.6,970.5,929.0,883.15,912.5,878.7,
SENSEX,10:42:00,104200,1774848367234,72584.9,72600.0,1841.85,1834.8,1859.3,1830.0,1841.85,932.85,909.0,1680.0,1760.0,3440.0,startup_backfill,80,BSE_FO,1,BSE_INDEX:SENSEX,72600.0,False,BSE_FO|877065,BSE_FO|877574,877065,877574,BSE_FO:877065,BSE_FO:877574,False,False,False,930.65,944.3,930.0,904.15,915.0,900.0,
SENSEX,10:43:00,104300,1774848367235,72535.95,72500.0,1847.0500000000002,1851.9,1882.0,1810.7,1847.0500000000002,960.1,886.95,2120.0,2980.0,5100.0,startup_backfill,81,BSE_FO,1,BSE_INDEX:SENSEX,72500.0,False,BSE_FO|877597,BSE_FO|876974,877597,876974,BSE_FO:877597,BSE_FO:876974,False,False,False,989.9,995.0,952.25,862.0,887.0,858.45,
SENSEX,10:44:00,104400,1774848367236,72547.9,72500.0,1849.7,1840.75,1867.1,1831.75,1849.7,963.25,886.45,2160.0,2280.0,4440.0,startup_backfill,82,BSE_FO,1,BSE_INDEX:SENSEX,72500.0,False,BSE_FO|877597,BSE_FO|876974,877597,876974,BSE_FO:877597,BSE_FO:876974,False,False,False,957.65,978.2,955.45,883.1,888.9,876.3,
SENSEX,10:45:00,104500,1774848367236,72535.12,72500.0,1867.15,1849.55,1874.1,1841.0,1867.15,974.7,892.45,1640.0,2060.0,3700.0,startup_backfill,83,BSE_FO,1,BSE_INDEX:SENSEX,72500.0,False,BSE_FO|877597,BSE_FO|876974,877597,876974,BSE_FO:877597,BSE_FO:876974,False,False,False,963.3,975.1,959.8,886.25,899.0,881.2,
SENSEX,10:46:00,104600,1774848367237,72557.09,72600.0,1848.1999999999998,1855.55,1878.9499999999998,1830.4499999999998,1848.1999999999998,928.15,920.05,1400.0,1680.0,3080.0,startup_backfill,84,BSE_FO,1,BSE_INDEX:SENSEX,72600.0,False,BSE_FO|877065,BSE_FO|877574,877065,877574,BSE_FO:877065,BSE_FO:877574,False,False,False,918.65,939.65,918.65,936.9,939.3,911.8,
SENSEX,10:47:00,104700,1774848367238,72590.47,72600.0,1836.45,1849.5,1879.45,1805.75,1836.45,941.25,895.2,1520.0,1680.0,3200.0,startup_backfill,85,BSE_FO,1,BSE_INDEX:SENSEX,72600.0,False,BSE_FO|877065,BSE_FO|877574,877065,877574,BSE_FO:877065,BSE_FO:877574,False,False,False,928.9,944.5,911.25,920.6,934.95,894.5,
SENSEX,10:48:00,104800,1774848367238,72594.43,72600.0,1836.35,1836.0,1860.3,1814.35,1836.35,929.05,907.3,1780.0,1780.0,3560.0,startup_backfill,86,BSE_FO,1,BSE_INDEX:SENSEX,72600.0,False,BSE_FO|877065,BSE_FO|877574,877065,877574,BSE_FO:877065,BSE_FO:877574,False,False,False,942.0,953.0,929.05,894.0,907.3,885.3,
SENSEX,10:49:00,104900,1774848367239,72595.06,72600.0,1840.3,1835.85,1857.45,1822.6,1840.3,938.5,901.8,2000.0,1520.0,3520.0,startup_backfill,87,BSE_FO,1,BSE_INDEX:SENSEX,72600.0,False,BSE_FO|877065,BSE_FO|877574,877065,877574,BSE_FO:877065,BSE_FO:877574,False,False,False,935.3,947.45,931.55,900.55,910.0,891.05,
SENSEX,10:50:00,105000,1774848367240,72616.86,72600.0,1832.45,1837.95,1857.4,1818.95,1832.45,944.1,888.35,1540.0,2240.0,3780.0,startup_backfill,88,BSE_FO,1,BSE_INDEX:SENSEX,72600.0,False,BSE_FO|877065,BSE_FO|877574,877065,877574,BSE_FO:877065,BSE_FO:877574,False,False,False,933.6,950.85,933.6,904.35,906.55,885.35,
SENSEX,10:51:00,105100,1774848367240,72561.23,72600.0,1837.95,1836.8000000000002,1864.9,1806.5500000000002,1837.95,923.5,914.45,1400.0,1740.0,3140.0,startup_backfill,89,BSE_FO,1,BSE_INDEX:SENSEX,72600.0,False,BSE_FO|877065,BSE_FO|877574,877065,877574,BSE_FO:877065,BSE_FO:877574,False,False,False,945.7,946.3,916.6,891.1,918.6,889.95,
SENSEX,10:52:00,105200,1774848367241,72549.07,72500.0,1846.0,1849.85,1862.7,1827.85,1846.0,967.55,878.45,2060.0,1720.0,3780.0,startup_backfill,90,BSE_FO,1,BSE_INDEX:SENSEX,72500.0,False,BSE_FO|877597,BSE_FO|876974,877597,876974,BSE_FO:877597,BSE_FO:876974,False,False,False,981.5,982.0,964.55,868.35,880.7,863.3,
SENSEX,10:53:00,105300,1774848367242,72477.36,72500.0,1853.15,1847.6,1893.4,1799.0500000000002,1853.15,930.15,923.0,2240.0,2480.0,4720.0,startup_backfill,91,BSE_FO,1,BSE_INDEX:SENSEX,72500.0,False,BSE_FO|877597,BSE_FO|876974,877597,876974,BSE_FO:877597,BSE_FO:876974,False,False,False,970.0,970.4,924.2,877.6,923.0,874.85,
SENSEX,10:54:00,105400,1774848367242,72487.52,72500.0,1833.6,1844.65,1854.6,1829.3000000000002,1833.6,922.7,910.9,2260.0,1920.0,4180.0,startup_backfill,92,BSE_FO,1,BSE_INDEX:SENSEX,72500.0,False,BSE_FO|877597,BSE_FO|876974,877597,876974,BSE_FO:877597,BSE_FO:876974,False,False,False,926.5,936.45,922.35,918.15,918.15,906.95,
SENSEX,10:55:00,105500,1774848367243,72440.44,72400.0,1848.35,1843.75,1868.25,1826.4,1848.35,963.45,884.9,1300.0,1920.0,3220.0,startup_backfill,93,BSE_FO,1,BSE_INDEX:SENSEX,72400.0,False,BSE_FO|877010,BSE_FO|877173,877010,877173,BSE_FO:877010,BSE_FO:877173,False,False,False,978.8,978.8,961.45,864.95,889.45,864.95,
SENSEX,10:56:00,105600,1774848367243,72425.37,72400.0,1847.55,1845.3000000000002,1851.2,1842.85,1847.55,962.05,885.5,260.0,160.0,420.0,startup_backfill,94,BSE_FO,1,BSE_INDEX:SENSEX,72400.0,False,BSE_FO|877010,BSE_FO|877173,877010,877173,BSE_FO:877010,BSE_FO:877173,False,False,False,962.45,962.45,960.0,882.85,888.75,882.85,
SENSEX,10:57:00,105700,1774848421679,72530.83,72500.0,1824.95,1824.4,1824.95,1824.4,1824.95,941.35,883.6,20.0,60.0,80.0,redis_hash,95,BSE_FO,1,BSE_INDEX:SENSEX,72500.0,False,BSE_FO|877597,BSE_FO|876974,877597,876974,BSE_FO:877597,BSE_FO:876974,False,False,False,941.35,941.35,941.35,883.05,883.6,883.05,
SENSEX,10:58:00,105800,1774848483256,72559.28,72600.0,1823.9499999999998,1824.55,1824.55,1823.9499999999998,1823.9499999999998,899.8,924.15,20.0,40.0,60.0,redis_hash,96,BSE_FO,1,BSE_INDEX:SENSEX,72600.0,False,BSE_FO|877065,BSE_FO|877574,877065,877574,BSE_FO:877065,BSE_FO:877574,False,False,False,899.8,899.8,899.8,924.75,924.75,924.15,
SENSEX,10:59:00,105900,1774848540857,72519.62,72500.0,1838.4,1838.4,1838.4,1838.4,1838.4,953.45,884.95,0.0,0.0,0.0,redis_hash,97,BSE_FO,1,BSE_INDEX:SENSEX,72500.0,False,BSE_FO|877597,BSE_FO|876974,877597,876974,BSE_FO:877597,BSE_FO:876974,False,False,False,953.45,953.45,953.45,884.95,884.95,884.95,
INDIA_VIX,10:21:00,102100,,,,,28.43,28.43,28.42,28.42,,,,,0.0,redis_hash,,,,,,,,,,,,,,,,,,,,,,NSE_INDEX:India_VIX
INDIA_VIX,10:22:00,102200,,,,,28.42,28.5,28.42,28.47,,,,,0.0,redis_hash,,,,,,,,,,,,,,,,,,,,,,NSE_INDEX:India_VIX
INDIA_VIX,10:23:00,102300,,,,,28.47,28.49,28.46,28.47,,,,,0.0,redis_hash,,,,,,,,,,,,,,,,,,,,,,NSE_INDEX:India_VIX
INDIA_VIX,10:24:00,102400,,,,,28.47,28.49,28.45,28.48,,,,,0.0,redis_hash,,,,,,,,,,,,,,,,,,,,,,NSE_INDEX:India_VIX
INDIA_VIX,10:25:00,102500,,,,,28.48,28.49,28.43,28.44,,,,,0.0,redis_hash,,,,,,,,,,,,,,,,,,,,,,NSE_INDEX:India_VIX
INDIA_VIX,10:26:00,102600,,,,,28.44,28.45,28.4,28.43,,,,,0.0,redis_hash,,,,,,,,,,,,,,,,,,,,,,NSE_INDEX:India_VIX
INDIA_VIX,10:27:00,102700,,,,,28.42,28.46,28.41,28.46,,,,,0.0,redis_hash,,,,,,,,,,,,,,,,,,,,,,NSE_INDEX:India_VIX
INDIA_VIX,10:28:00,102800,,,,,28.46,28.51,28.45,28.5,,,,,0.0,redis_hash,,,,,,,,,,,,,,,,,,,,,,NSE_INDEX:India_VIX
INDIA_VIX,10:29:00,102900,,,,,28.5,28.51,28.48,28.49,,,,,0.0,redis_hash,,,,,,,,,,,,,,,,,,,,,,NSE_INDEX:India_VIX
INDIA_VIX,10:30:00,103000,,,,,28.48,28.5,28.45,28.47,,,,,0.0,redis_hash,,,,,,,,,,,,,,,,,,,,,,NSE_INDEX:India_VIX
INDIA_VIX,10:31:00,103100,,,,,28.46,28.48,28.45,28.46,,,,,0.0,redis_hash,,,,,,,,,,,,,,,,,,,,,,NSE_INDEX:India_VIX
INDIA_VIX,10:32:00,103200,,,,,28.45,28.47,28.44,28.46,,,,,0.0,redis_hash,,,,,,,,,,,,,,,,,,,,,,NSE_INDEX:India_VIX
INDIA_VIX,10:33:00,103300,,,,,28.46,28.48,28.44,28.46,,,,,0.0,redis_hash,,,,,,,,,,,,,,,,,,,,,,NSE_INDEX:India_VIX
INDIA_VIX,10:34:00,103400,,,,,28.47,28.49,28.47,28.48,,,,,0.0,redis_hash,,,,,,,,,,,,,,,,,,,,,,NSE_INDEX:India_VIX
INDIA_VIX,10:35:00,103500,,,,,28.48,28.51,28.46,28.49,,,,,0.0,redis_hash,,,,,,,,,,,,,,,,,,,,,,NSE_INDEX:India_VIX
INDIA_VIX,10:36:00,103600,,,,,28.49,28.49,28.41,28.43,,,,,0.0,redis_hash,,,,,,,,,,,,,,,,,,,,,,NSE_INDEX:India_VIX
INDIA_VIX,10:37:00,103700,,,,,28.43,28.49,28.41,28.49,,,,,0.0,redis_hash,,,,,,,,,,,,,,,,,,,,,,NSE_INDEX:India_VIX
INDIA_VIX,10:38:00,103800,,,,,28.49,28.51,28.46,28.47,,,,,0.0,redis_hash,,,,,,,,,,,,,,,,,,,,,,NSE_INDEX:India_VIX
INDIA_VIX,10:39:00,103900,,,,,28.47,28.49,28.45,28.49,,,,,0.0,redis_hash,,,,,,,,,,,,,,,,,,,,,,NSE_INDEX:India_VIX
INDIA_VIX,10:40:00,104000,,,,,28.49,28.5,28.47,28.48,,,,,0.0,redis_hash,,,,,,,,,,,,,,,,,,,,,,NSE_INDEX:India_VIX
INDIA_VIX,10:41:00,104100,,,,,28.48,28.54,28.47,28.54,,,,,0.0,redis_hash,,,,,,,,,,,,,,,,,,,,,,NSE_INDEX:India_VIX
INDIA_VIX,10:42:00,104200,,,,,28.53,28.55,28.51,28.54,,,,,0.0,redis_hash,,,,,,,,,,,,,,,,,,,,,,NSE_INDEX:India_VIX
INDIA_VIX,10:43:00,104300,,,,,28.54,28.54,28.49,28.49,,,,,0.0,redis_hash,,,,,,,,,,,,,,,,,,,,,,NSE_INDEX:India_VIX
INDIA_VIX,10:44:00,104400,,,,,28.49,28.5,28.48,28.49,,,,,0.0,redis_hash,,,,,,,,,,,,,,,,,,,,,,NSE_INDEX:India_VIX
INDIA_VIX,10:45:00,104500,,,,,28.49,28.52,28.49,28.51,,,,,0.0,redis_hash,,,,,,,,,,,,,,,,,,,,,,NSE_INDEX:India_VIX
INDIA_VIX,10:46:00,104600,,,,,28.51,28.54,28.5,28.53,,,,,0.0,redis_hash,,,,,,,,,,,,,,,,,,,,,,NSE_INDEX:India_VIX
INDIA_VIX,10:47:00,104700,,,,,28.53,28.54,28.52,28.53,,,,,0.0,redis_hash,,,,,,,,,,,,,,,,,,,,,,NSE_INDEX:India_VIX
INDIA_VIX,10:48:00,104800,,,,,28.53,28.53,28.51,28.53,,,,,0.0,redis_hash,,,,,,,,,,,,,,,,,,,,,,NSE_INDEX:India_VIX
INDIA_VIX,10:49:00,104900,,,,,28.52,28.55,28.48,28.48,,,,,0.0,redis_hash,,,,,,,,,,,,,,,,,,,,,,NSE_INDEX:India_VIX
INDIA_VIX,10:50:00,105000,,,,,28.48,28.49,28.3,28.3,,,,,0.0,redis_hash,,,,,,,,,,,,,,,,,,,,,,NSE_INDEX:India_VIX
INDIA_VIX,10:51:00,105100,,,,,28.3,28.34,28.3,28.34,,,,,0.0,redis_hash,,,,,,,,,,,,,,,,,,,,,,NSE_INDEX:India_VIX
INDIA_VIX,10:52:00,105200,,,,,28.34,28.37,28.32,28.35,,,,,0.0,redis_hash,,,,,,,,,,,,,,,,,,,,,,NSE_INDEX:India_VIX
INDIA_VIX,10:53:00,105300,,,,,28.36,28.38,28.35,28.38,,,,,0.0,redis_hash,,,,,,,,,,,,,,,,,,,,,,NSE_INDEX:India_VIX
INDIA_VIX,10:54:00,105400,,,,,28.38,28.39,28.35,28.36,,,,,0.0,redis_hash,,,,,,,,,,,,,,,,,,,,,,NSE_INDEX:India_VIX
INDIA_VIX,10:55:00,105500,,,,,28.36,28.4,28.36,28.39,,,,,0.0,redis_hash,,,,,,,,,,,,,,,,,,,,,,NSE_INDEX:India_VIX
INDIA_VIX,10:56:00,105600,,,,,28.39,28.41,28.38,28.41,,,,,0.0,redis_hash,,,,,,,,,,,,,,,,,,,,,,NSE_INDEX:India_VIX
INDIA_VIX,10:57:00,105700,,,,,28.39,28.42,28.38,28.38,,,,,0.0,redis_hash,,,,,,,,,,,,,,,,,,,,,,NSE_INDEX:India_VIX
INDIA_VIX,10:58:00,105800,,,,,28.38,28.39,28.35,28.39,,,,,0.0,redis_hash,,,,,,,,,,,,,,,,,,,,,,NSE_INDEX:India_VIX
INDIA_VIX,10:59:00,105900,,,,,28.39,28.42,28.36,28.42,,,,,0.0,redis_hash,,,,,,,,,,,,,,,,,,,,,,NSE_INDEX:India_VIX
BANKNIFTY,11:00:00,110000,1774848601855,50840.7,50800.0,439.75,438.5,439.75,438.5,439.75,246.75,193.0,30.0,90.0,120.0,redis_hash,98,NSE_FO,1,NSE_INDEX:Nifty_Bank,50800.0,False,NSE_FO|52340,NSE_FO|52341,52340,52341,NSE_FO:52340,NSE_FO:52341,False,False,False,246.75,246.75,246.75,191.75,193.0,191.75
FINNIFTY,11:00:00,110000,1774848601858,23757.6,23750.0,215.2,215.45,215.45,215.2,215.2,116.2,99.0,120.0,360.0,480.0,redis_hash,98,NSE_FO,1,NSE_INDEX:Nifty_Fin_Service,23750.0,False,NSE_FO|43621,NSE_FO|43622,43621,43622,NSE_FO:43621,NSE_FO:43622,False,False,False,116.2,116.2,116.2,99.25,99.25,99.0
SENSEX,11:00:00,110000,1774848601866,72468.98,72500.0,1837.9,1834.5,1840.2,1834.5,1837.9,916.5,921.4,20.0,60.0,80.0,redis_hash,98,BSE_FO,1,BSE_INDEX:SENSEX,72500.0,False,BSE_FO|877597,BSE_FO|876974,877597,876974,BSE_FO:877597,BSE_FO:876974,False,False,False,916.5,916.5,916.5,918.0,923.7,918.0
NIFTY,11:00:00,110000,1774848601863,22488.0,22500.0,178.15,176.4,178.15,175.95,178.15,79.95,98.2,195.0,715.0,910.0,redis_hash,98,NSE_FO,1,NSE_INDEX:Nifty_50,22500.0,False,NSE_FO|54478,NSE_FO|54479,54478,54479,NSE_FO:54478,NSE_FO:54479,False,False,False,79.65,79.95,79.45,96.75,98.2,96.5
MIDCPNIFTY,11:00:00,110000,1774848601860,12239.45,12250.0,105.44999999999999,105.5,105.65,105.2,105.44999999999999,52.3,53.15,480.0,480.0,960.0,redis_hash,98,NSE_FO,1,NSE_INDEX:NIFTY_MID_SELECT,12250.0,False,NSE_FO|54028,NSE_FO|54029,54028,54029,NSE_FO:54028,NSE_FO:54029,False,False,False,52.5,52.5,52.25,53.0,53.15,52.95
INDIA_VIX,11:00:00,110000,,,,,28.43,28.44,28.4,28.42,,,,,0.0,pubsub,,,,,,,,,,,,,,,,,,,,,
SENSEX,11:01:00,110100,1774848661497,72477.17,72500.0,1840.3,1840.3,1840.3,1840.3,1840.3,922.3,918.0,20.0,60.0,80.0,redis_hash,99,BSE_FO,1,BSE_INDEX:SENSEX,72500.0,False,BSE_FO|877597,BSE_FO|876974,877597,876974,BSE_FO:877597,BSE_FO:876974,False,False,False,922.3,922.3,922.3,918.0,918.0,918.0
FINNIFTY,11:01:00,110100,1774848661492,23763.25,23750.0,212.89999999999998,212.89999999999998,212.89999999999998,212.89999999999998,212.89999999999998,116.35,96.55,0.0,0.0,0.0,redis_hash,99,NSE_FO,1,NSE_INDEX:Nifty_Fin_Service,23750.0,False,NSE_FO|43621,NSE_FO|43622,43621,43622,NSE_FO:43621,NSE_FO:43622,False,False,False,116.35,116.35,116.35,96.55,96.55,96.55
NIFTY,11:01:00,110100,1774848661496,22490.7,22500.0,175.0,174.65,175.55,174.10000000000002,175.0,80.2,94.8,130.0,130.0,260.0,redis_hash,99,NSE_FO,1,NSE_INDEX:Nifty_50,22500.0,False,NSE_FO|54478,NSE_FO|54479,54478,54479,NSE_FO:54478,NSE_FO:54479,False,False,False,80.75,80.75,80.2,93.9,94.8,93.9
BANKNIFTY,11:01:00,110100,1774848661490,50852.8,50900.0,437.15,437.35,440.45,434.04999999999995,437.15,197.95,239.2,120.0,180.0,300.0,redis_hash,99,NSE_FO,1,NSE_INDEX:Nifty_Bank,50900.0,False,NSE_FO|52346,NSE_FO|52347,52346,52347,NSE_FO:52346,NSE_FO:52347,False,False,False,201.25,201.25,197.95,236.1,239.2,236.1
MIDCPNIFTY,11:01:00,110100,1774848661494,12239.7,12250.0,106.0,106.15,106.15,106.0,106.0,52.0,54.0,600.0,360.0,960.0,redis_hash,99,NSE_FO,1,NSE_INDEX:NIFTY_MID_SELECT,12250.0,False,NSE_FO|54028,NSE_FO|54029,54028,54029,NSE_FO:54028,NSE_FO:54029,False,False,False,52.15,52.15,52.0,54.0,54.0,54.0
INDIA_VIX,11:01:00,110100,,,,,28.41,28.42,28.37,28.37,,,,,0.0,pubsub,,,,,,,,,,,,,,,,,,,,,
FINNIFTY,11:02:00,110200,1774848723248,23759.4,23750.0,209.95,212.25,212.85000000000002,209.35,209.95,113.7,96.25,360.0,600.0,960.0,redis_hash,100,NSE_FO,1,NSE_INDEX:Nifty_Fin_Service,23750.0,False,NSE_FO|43621,NSE_FO|43622,43621,43622,NSE_FO:43621,NSE_FO:43622,False,False,False,113.1,113.7,113.1,99.15,99.15,96.25
BANKNIFTY,11:02:00,110200,1774848723246,50843.05,50800.0,436.4,435.8,437.85,435.35,436.4,243.45,192.95,150.0,240.0,390.0,redis_hash,100,NSE_FO,1,NSE_INDEX:Nifty_Bank,50800.0,False,NSE_FO|52340,NSE_FO|52341,52340,52341,NSE_FO:52340,NSE_FO:52341,False,False,False,243.0,244.05,243.0,192.8,193.8,192.35
SENSEX,11:02:00,110200,1774848723253,72459.11,72500.0,1831.15,1835.85,1836.25,1830.85,1831.15,914.25,916.9,160.0,260.0,420.0,redis_hash,100,BSE_FO,1,BSE_INDEX:SENSEX,72500.0,False,BSE_FO|877597,BSE_FO|876974,877597,876974,BSE_FO:877597,BSE_FO:876974,False,False,False,914.0,914.25,913.95,921.85,922.0,916.9
NIFTY,11:02:00,110200,1774848723251,22487.0,22500.0,175.05,175.6,176.9,173.75,175.05,79.5,95.55,715.0,520.0,1235.0,redis_hash,100,NSE_FO,1,NSE_INDEX:Nifty_50,22500.0,False,NSE_FO|54478,NSE_FO|54479,54478,54479,NSE_FO:54478,NSE_FO:54479,False,False,False,78.25,79.5,78.2,97.35,97.4,95.55
MIDCPNIFTY,11:02:00,110200,1774848723249,12239.55,12250.0,107.0,107.8,108.75,106.05,107.0,53.0,54.0,600.0,720.0,1320.0,redis_hash,100,NSE_FO,1,NSE_INDEX:NIFTY_MID_SELECT,12250.0,False,NSE_FO|54028,NSE_FO|54029,54028,54029,NSE_FO:54028,NSE_FO:54029,False,False,False,52.05,53.0,52.05,55.75,55.75,54.0
INDIA_VIX,11:02:00,110200,,,,,28.37,28.39,28.37,28.37,,,,,0.0,pubsub,,,,,,,,,,,,,,,,,,,,,
FINNIFTY,11:03:00,110300,1774848781854,23761.85,23750.0,211.39999999999998,211.39999999999998,211.39999999999998,211.39999999999998,211.39999999999998,119.05,92.35,0.0,0.0,0.0,redis_hash,101,NSE_FO,1,NSE_INDEX:Nifty_Fin_Service,23750.0,False,NSE_FO|43621,NSE_FO|43622,43621,43622,NSE_FO:43621,NSE_FO:43622,False,False,False,119.05,119.05,119.05,92.35,92.35,92.35
BANKNIFTY,11:03:00,110300,1774848781852,50853.6,50900.0,434.75,434.0,437.9,430.85,434.75,201.3,233.45,120.0,150.0,270.0,redis_hash,101,NSE_FO,1,NSE_INDEX:Nifty_Bank,50900.0,False,NSE_FO|52346,NSE_FO|52347,52346,52347,NSE_FO:52346,NSE_FO:52347,False,False,False,204.45,204.45,201.3,229.55,233.45,229.55
NIFTY,11:03:00,110300,1774848781857,22490.6,22500.0,174.8,174.55,175.05,174.25,174.8,81.25,93.55,195.0,260.0,455.0,redis_hash,101,NSE_FO,1,NSE_INDEX:Nifty_50,22500.0,False,NSE_FO|54478,NSE_FO|54479,54478,54479,NSE_FO:54478,NSE_FO:54479,False,False,False,81.5,81.5,81.25,93.05,93.55,93.0
SENSEX,11:03:00,110300,1774848781859,72471.38,72500.0,1835.1,1835.1,1835.1,1835.1,1835.1,926.75,908.35,60.0,20.0,80.0,redis_hash,101,BSE_FO,1,BSE_INDEX:SENSEX,72500.0,False,BSE_FO|877597,BSE_FO|876974,877597,876974,BSE_FO:877597,BSE_FO:876974,False,False,False,926.75,926.75,926.75,908.35,908.35,908.35
MIDCPNIFTY,11:03:00,110300,1774848781856,12242.35,12250.0,107.69999999999999,107.8,108.1,107.4,107.69999999999999,54.15,53.55,480.0,480.0,960.0,redis_hash,101,NSE_FO,1,NSE_INDEX:NIFTY_MID_SELECT,12250.0,False,NSE_FO|54028,NSE_FO|54029,54028,54029,NSE_FO:54028,NSE_FO:54029,False,False,False,54.55,54.55,54.15,53.25,53.55,53.25
INDIA_VIX,11:03:00,110300,,,,,28.37,28.38,28.35,28.36,,,,,0.0,pubsub,,,,,,,,,,,,,,,,,,,,,
FINNIFTY,11:04:00,110400,1774848843279,23786.2,23800.0,208.65,208.1,208.65,208.1,208.65,102.0,106.65,240.0,180.0,420.0,redis_hash,102,NSE_FO,1,NSE_INDEX:Nifty_Fin_Service,23800.0,False,NSE_FO|53550,NSE_FO|53551,53550,53551,NSE_FO:53550,NSE_FO:53551,False,False,False,102.0,102.0,102.0,106.1,106.65,106.1
BANKNIFTY,11:04:00,110400,1774848843278,50896.3,50900.0,430.5,429.6,433.6,428.65,430.5,220.95,209.55,330.0,420.0,750.0,redis_hash,102,NSE_FO,1,NSE_INDEX:Nifty_Bank,50900.0,False,NSE_FO|52346,NSE_FO|52347,52346,52347,NSE_FO:52346,NSE_FO:52347,False,False,False,219.6,222.0,219.4,210.0,211.6,209.25
NIFTY,11:04:00,110400,1774848843284,22507.8,22500.0,173.25,172.85,173.7,172.45,173.25,89.4,83.85,455.0,585.0,1040.0,redis_hash,102,NSE_FO,1,NSE_INDEX:Nifty_50,22500.0,False,NSE_FO|54478,NSE_FO|54479,54478,54479,NSE_FO:54478,NSE_FO:54479,False,False,False,89.35,89.8,89.25,83.5,83.9,83.2
SENSEX,11:04:00,110400,1774848843285,72528.32,72500.0,1832.9,1833.5,1834.9,1832.5,1832.9,950.6,882.3,80.0,60.0,140.0,redis_hash,102,BSE_FO,1,BSE_INDEX:SENSEX,72500.0,False,BSE_FO|877597,BSE_FO|876974,877597,876974,BSE_FO:877597,BSE_FO:876974,False,False,False,951.6,951.6,950.6,881.9,883.3,881.9
MIDCPNIFTY,11:04:00,110400,1774848843282,12251.1,12250.0,107.15,107.1,107.55000000000001,107.1,107.15,58.1,49.05,480.0,1440.0,1920.0,redis_hash,102,NSE_FO,1,NSE_INDEX:NIFTY_MID_SELECT,12250.0,False,NSE_FO|54028,NSE_FO|54029,54028,54029,NSE_FO:54028,NSE_FO:54029,False,False,False,58.05,58.1,58.05,49.05,49.45,49.05
INDIA_VIX,11:04:00,110400,,,,,28.37,28.37,28.34,28.37,,,,,0.0,pubsub,,,,,,,,,,,,,,,,,,,,,
BANKNIFTY,11:05:00,110500,1774848901565,50882.45,50900.0,431.05,431.65,431.75,430.95,431.05,210.0,221.05,90.0,180.0,270.0,redis_hash,103,NSE_FO,1,NSE_INDEX:Nifty_Bank,50900.0,False,NSE_FO|52346,NSE_FO|52347,52346,52347,NSE_FO:52346,NSE_FO:52347,False,False,False,210.7,210.7,210.0,220.95,221.05,220.95
FINNIFTY,11:05:00,110500,1774848901582,23780.7,23800.0,209.7,209.7,209.7,209.7,209.7,97.3,112.4,60.0,60.0,120.0,redis_hash,103,NSE_FO,1,NSE_INDEX:Nifty_Fin_Service,23800.0,False,NSE_FO|53550,NSE_FO|53551,53550,53551,NSE_FO:53550,NSE_FO:53551,False,False,False,97.3,97.3,97.3,112.4,112.4,112.4
MIDCPNIFTY,11:05:00,110500,1774848901585,12248.9,12250.0,105.80000000000001,105.9,106.0,105.75,105.80000000000001,55.85,49.95,360.0,240.0,600.0,redis_hash,103,NSE_FO,1,NSE_INDEX:NIFTY_MID_SELECT,12250.0,False,NSE_FO|54028,NSE_FO|54029,54028,54029,NSE_FO:54028,NSE_FO:54029,False,False,False,56.0,56.05,55.85,49.9,49.95,49.9
NIFTY,11:05:00,110500,1774848901592,22502.2,22500.0,174.7,174.7,174.9,174.5,174.7,88.0,86.7,130.0,195.0,325.0,redis_hash,103,NSE_FO,1,NSE_INDEX:Nifty_50,22500.0,False,NSE_FO|54478,NSE_FO|54479,54478,54479,NSE_FO:54478,NSE_FO:54479,False,False,False,87.8,88.0,87.8,86.9,86.9,86.7
SENSEX,11:05:00,110500,1774848901594,72510.81,72500.0,1842.35,1840.4,1842.35,1840.4,1842.35,946.75,895.6,40.0,60.0,100.0,redis_hash,103,BSE_FO,1,BSE_INDEX:SENSEX,72500.0,False,BSE_FO|877597,BSE_FO|876974,877597,876974,BSE_FO:877597,BSE_FO:876974,False,False,False,946.75,946.75,946.75,893.65,895.6,893.65
